image_path,true_label,pred_label,confidence,correct,top5
data/SkinDisease/SkinDisease/test/Acne/157__ProtectWyJQcm90ZWN0Il0_FocusFillWzI5NCwyMjIsIngiLDFd.jpeg,Acne,Acne,0.9936955571174622,True,"Acne,Infestations_Bites,Lupus,Actinic_Keratosis,Bullous"
data/SkinDisease/SkinDisease/test/Acne/161__ProtectWyJQcm90ZWN0Il0_FocusFillWzI5NCwyMjIsIngiLDFd.jpeg,Acne,Acne,0.9073489308357239,True,"Acne,Infestations_Bites,Lupus,Tinea,Lichen"
data/SkinDisease/SkinDisease/test/Acne/171__ProtectWyJQcm90ZWN0Il0_FocusFillWzI5NCwyMjIsIngiLDFd.jpeg,Acne,Acne,0.9978185892105103,True,"Acne,Seborrh_Keratoses,Lichen,Infestations_Bites,Benign_tumors"
data/SkinDisease/SkinDisease/test/Acne/183__ProtectWyJQcm90ZWN0Il0_FocusFillWzI5NCwyMjIsIngiLDE4XQ.jpeg,Acne,Acne,0.9972347617149353,True,"Acne,Benign_tumors,Infestations_Bites,Lichen,Lupus"
data/SkinDisease/SkinDisease/test/Acne/196__ProtectWyJQcm90ZWN0Il0_FocusFillWzI5NCwyMjIsIngiLDFd.jpeg,Acne,Acne,0.7026176452636719,True,"Acne,Vasculitis,Lupus,DrugEruption,Infestations_Bites"
data/SkinDisease/SkinDisease/test/Acne/acne-closed-comedo-28.jpeg,Acne,Acne,0.9960078001022339,True,"Acne,Warts,Benign_tumors,Eczema,Seborrh_Keratoses"
data/SkinDisease/SkinDisease/test/Acne/acne-cystic-1.jpeg,Acne,Acne,0.9567075371742249,True,"Acne,Eczema,DrugEruption,Sun_Sunlight_Damage,Actinic_Keratosis"
data/SkinDisease/SkinDisease/test/Acne/acne-cystic-101.jpeg,Acne,Acne,0.9999511241912842,True,"Acne,Bullous,Vasculitis,Infestations_Bites,Vascular_Tumors"
data/SkinDisease/SkinDisease/test/Acne/acne-cystic-104.jpeg,Acne,Acne,0.9999889135360718,True,"Acne,Benign_tumors,Infestations_Bites,Vasculitis,Lichen"
data/SkinDisease/SkinDisease/test/Acne/acne-cystic-11.jpeg,Acne,Rosacea,0.7329369783401489,False,"Rosacea,Acne,Actinic_Keratosis,Eczema,Sun_Sunlight_Damage"
data/SkinDisease/SkinDisease/test/Acne/acne-cystic-122.jpeg,Acne,Acne,0.9999406337738037,True,"Acne,Benign_tumors,Vasculitis,Vascular_Tumors,Warts"
data/SkinDisease/SkinDisease/test/Acne/acne-cystic-133.jpeg,Acne,Acne,0.9998083710670471,True,"Acne,Benign_tumors,Vascular_Tumors,Lupus,SkinCancer"
data/SkinDisease/SkinDisease/test/Acne/acne-cystic-36.jpeg,Acne,Acne,0.9840739965438843,True,"Acne,Eczema,Lupus,Tinea,Psoriasis"
data/SkinDisease/SkinDisease/test/Acne/acne-cystic-50.jpeg,Acne,Acne,0.9999631643295288,True,"Acne,Lupus,Psoriasis,Actinic_Keratosis,Rosacea"
data/SkinDisease/SkinDisease/test/Acne/acne-cystic-56.jpeg,Acne,Acne,0.9999988079071045,True,"Acne,Rosacea,Actinic_Keratosis,Bullous,Infestations_Bites"
data/SkinDisease/SkinDisease/test/Acne/acne-cystic-84.jpeg,Acne,Acne,0.9999090433120728,True,"Acne,Lupus,Rosacea,Vascular_Tumors,Eczema"
data/SkinDisease/SkinDisease/test/Acne/acne-cystic-9.jpeg,Acne,Acne,0.9988753199577332,True,"Acne,Bullous,Rosacea,Infestations_Bites,Vascular_Tumors"
data/SkinDisease/SkinDisease/test/Acne/acne-cystic-96.jpeg,Acne,Acne,0.9176708459854126,True,"Acne,Eczema,Seborrh_Keratoses,DrugEruption,Bullous"
data/SkinDisease/SkinDisease/test/Acne/acne-excoriated-13.jpeg,Acne,Acne,0.9996534585952759,True,"Acne,Lupus,Rosacea,Actinic_Keratosis,Sun_Sunlight_Damage"
data/SkinDisease/SkinDisease/test/Acne/acne-excoriated-17.jpeg,Acne,Vascular_Tumors,0.5374242663383484,False,"Vascular_Tumors,Acne,SkinCancer,Moles,Warts"
data/SkinDisease/SkinDisease/test/Acne/acne-excoriated-18.jpeg,Acne,Acne,0.556169867515564,True,"Acne,Vasculitis,Benign_tumors,Lupus,DrugEruption"
data/SkinDisease/SkinDisease/test/Acne/acne-excoriated-2.jpeg,Acne,Acne,0.9999740123748779,True,"Acne,Rosacea,Lupus,Vasculitis,Infestations_Bites"
data/SkinDisease/SkinDisease/test/Acne/acne-face-1-19__ProtectWyJQcm90ZWN0Il0_FocusFillWzI5NCwyMjIsIngiLDFd.jpeg,Acne,Acne,0.9443588852882385,True,"Acne,Infestations_Bites,Lichen,Lupus,Actinic_Keratosis"
data/SkinDisease/SkinDisease/test/Acne/acne-face-1-20__ProtectWyJQcm90ZWN0Il0_FocusFillWzI5NCwyMjIsIngiLDFd.jpeg,Acne,Acne,0.9994476437568665,True,"Acne,Lupus,Infestations_Bites,Rosacea,Psoriasis"
data/SkinDisease/SkinDisease/test/Acne/acne-face-1-53__ProtectWyJQcm90ZWN0Il0_FocusFillWzI5NCwyMjIsIngiLDFd.jpeg,Acne,Acne,0.9997437596321106,True,"Acne,Rosacea,Actinic_Keratosis,Lupus,Eczema"
data/SkinDisease/SkinDisease/test/Acne/acne-face-1-8__ProtectWyJQcm90ZWN0Il0_FocusFillWzI5NCwyMjIsIngiLDFd.jpeg,Acne,Acne,0.9999996423721313,True,"Acne,Actinic_Keratosis,Lupus,Rosacea,Benign_tumors"
data/SkinDisease/SkinDisease/test/Acne/acne-face-10-1__ProtectWyJQcm90ZWN0Il0_FocusFillWzI5NCwyMjIsInkiLDg1XQ.jpeg,Acne,Acne,0.9999973773956299,True,"Acne,Lupus,Rosacea,Psoriasis,Actinic_Keratosis"
data/SkinDisease/SkinDisease/test/Acne/acne-face-14__ProtectWyJQcm90ZWN0Il0_FocusFillWzI5NCwyMjIsInkiLDg1XQ.jpeg,Acne,Lupus,0.6291565299034119,False,"Lupus,Acne,Psoriasis,Lichen,Infestations_Bites"
data/SkinDisease/SkinDisease/test/Acne/acne-face-1__ProtectWyJQcm90ZWN0Il0_FocusFillWzI5NCwyMjIsIngiLDFd.jpeg,Acne,Acne,0.9948086142539978,True,"Acne,Rosacea,Lupus,Infestations_Bites,Lichen"
data/SkinDisease/SkinDisease/test/Acne/acne-face-2-6__ProtectWyJQcm90ZWN0Il0_FocusFillWzI5NCwyMjIsIngiLDE4XQ.jpeg,Acne,Acne,0.9999402761459351,True,"Acne,Rosacea,Infestations_Bites,Tinea,Lupus"
data/SkinDisease/SkinDisease/test/Acne/acne-face-3-16__ProtectWyJQcm90ZWN0Il0_FocusFillWzI5NCwyMjIsIngiLDFd.jpeg,Acne,Acne,0.9998272061347961,True,"Acne,Psoriasis,Lupus,Rosacea,Actinic_Keratosis"
data/SkinDisease/SkinDisease/test/Acne/acne-face-3-23__ProtectWyJQcm90ZWN0Il0_FocusFillWzI5NCwyMjIsIngiLDFd.jpeg,Acne,Acne,0.9943419694900513,True,"Acne,Rosacea,Lupus,Bullous,Actinic_Keratosis"
data/SkinDisease/SkinDisease/test/Acne/acne-face-3-5__ProtectWyJQcm90ZWN0Il0_FocusFillWzI5NCwyMjIsIngiLDE4XQ.jpeg,Acne,Acne,0.9999992847442627,True,"Acne,Psoriasis,Actinic_Keratosis,Lupus,Rosacea"
data/SkinDisease/SkinDisease/test/Acne/acne-face-4-13__ProtectWyJQcm90ZWN0Il0_FocusFillWzI5NCwyMjIsIngiLDFd.jpeg,Acne,Acne,0.9957795143127441,True,"Acne,Benign_tumors,Vascular_Tumors,Infestations_Bites,Lupus"
data/SkinDisease/SkinDisease/test/Acne/acne-face-4-15__ProtectWyJQcm90ZWN0Il0_FocusFillWzI5NCwyMjIsIngiLDFd.jpeg,Acne,Acne,0.9999852180480957,True,"Acne,Benign_tumors,Actinic_Keratosis,Seborrh_Keratoses,Warts"
data/SkinDisease/SkinDisease/test/Acne/acne-face-4-2__ProtectWyJQcm90ZWN0Il0_FocusFillWzI5NCwyMjIsIngiLDFd.jpeg,Acne,Rosacea,0.7330992221832275,False,"Rosacea,Acne,Actinic_Keratosis,Eczema,Lupus"
data/SkinDisease/SkinDisease/test/Acne/acne-face-4-3__ProtectWyJQcm90ZWN0Il0_FocusFillWzI5NCwyMjIsIngiLDFd.jpeg,Acne,Acne,0.9997335076332092,True,"Acne,Lupus,Rosacea,Vascular_Tumors,Psoriasis"
data/SkinDisease/SkinDisease/test/Acne/acne-face-4-5__ProtectWyJQcm90ZWN0Il0_FocusFillWzI5NCwyMjIsIngiLDFd.jpeg,Acne,Acne,0.9999998807907104,True,"Acne,Lupus,Rosacea,Infestations_Bites,Benign_tumors"
data/SkinDisease/SkinDisease/test/Acne/acne-face-4-7__ProtectWyJQcm90ZWN0Il0_FocusFillWzI5NCwyMjIsIngiLDFd.jpeg,Acne,Acne,0.9943919777870178,True,"Acne,Actinic_Keratosis,Psoriasis,Rosacea,Lupus"
data/SkinDisease/SkinDisease/test/Acne/acne-face-42__ProtectWyJQcm90ZWN0Il0_FocusFillWzI5NCwyMjIsIngiLDFd.jpeg,Acne,Acne,0.9258797764778137,True,"Acne,Psoriasis,Rosacea,Lupus,Actinic_Keratosis"
data/SkinDisease/SkinDisease/test/Acne/acne-face-4__ProtectWyJQcm90ZWN0Il0_FocusFillWzI5NCwyMjIsIngiLDFd.jpeg,Acne,Acne,0.9978530406951904,True,"Acne,Psoriasis,Lupus,Actinic_Keratosis,Infestations_Bites"
data/SkinDisease/SkinDisease/test/Acne/acne-face-5-9__ProtectWyJQcm90ZWN0Il0_FocusFillWzI5NCwyMjIsIngiLDFd.jpeg,Acne,Acne,0.999920129776001,True,"Acne,Rosacea,Actinic_Keratosis,Lichen,Lupus"
data/SkinDisease/SkinDisease/test/Acne/acne-face-59__ProtectWyJQcm90ZWN0Il0_FocusFillWzI5NCwyMjIsIngiLDFd.jpeg,Acne,Acne,0.9999473094940186,True,"Acne,Benign_tumors,Psoriasis,Actinic_Keratosis,Rosacea"
data/SkinDisease/SkinDisease/test/Acne/acne-face-6-1__ProtectWyJQcm90ZWN0Il0_FocusFillWzI5NCwyMjIsInkiLDEwOF0.jpeg,Acne,Acne,0.9999314546585083,True,"Acne,Rosacea,Lupus,Actinic_Keratosis,Psoriasis"
data/SkinDisease/SkinDisease/test/Acne/acne-face-9-1__ProtectWyJQcm90ZWN0Il0_FocusFillWzI5NCwyMjIsIngiLDE5XQ.jpeg,Acne,Acne,0.5661203265190125,True,"Acne,Rosacea,Lupus,Actinic_Keratosis,Sun_Sunlight_Damage"
data/SkinDisease/SkinDisease/test/Acne/acne-infantile-15.jpeg,Acne,Vascular_Tumors,0.3594009280204773,False,"Vascular_Tumors,Eczema,Acne,Psoriasis,Rosacea"
data/SkinDisease/SkinDisease/test/Acne/acne-infantile-4.jpeg,Acne,Acne,0.9516090750694275,True,"Acne,Vascular_Tumors,Lichen,Candidiasis,Vasculitis"
data/SkinDisease/SkinDisease/test/Acne/acne-infantile-9.jpeg,Acne,Acne,0.9999961853027344,True,"Acne,Lupus,Rosacea,Actinic_Keratosis,Eczema"
data/SkinDisease/SkinDisease/test/Acne/acne-open-comedo-24.jpeg,Acne,Acne,0.9998472929000854,True,"Acne,Rosacea,Benign_tumors,Lupus,Eczema"
data/SkinDisease/SkinDisease/test/Acne/acne-open-comedo-26.jpeg,Acne,Warts,0.6157755255699158,False,"Warts,Vascular_Tumors,Lupus,Sun_Sunlight_Damage,Acne"
data/SkinDisease/SkinDisease/test/Acne/acne-open-comedo-3.jpeg,Acne,Acne,0.9855960607528687,True,"Acne,Rosacea,Benign_tumors,Bullous,Actinic_Keratosis"
data/SkinDisease/SkinDisease/test/Acne/acne-open-comedo-30.jpeg,Acne,Acne,0.9131217002868652,True,"Acne,Benign_tumors,Warts,Lupus,Tinea"
data/SkinDisease/SkinDisease/test/Acne/acne-open-comedo-32.jpeg,Acne,Acne,0.999996542930603,True,"Acne,Rosacea,Benign_tumors,Eczema,Bullous"
data/SkinDisease/SkinDisease/test/Acne/acne-open-comedo-45.jpeg,Acne,Sun_Sunlight_Damage,0.8267166614532471,False,"Sun_Sunlight_Damage,Benign_tumors,Acne,Vascular_Tumors,Actinic_Keratosis"
data/SkinDisease/SkinDisease/test/Acne/acne-open-comedo-53.jpeg,Acne,Acne,0.9989351630210876,True,"Acne,Vascular_Tumors,Benign_tumors,SkinCancer,Rosacea"
data/SkinDisease/SkinDisease/test/Acne/acne-open-comedo-57.jpeg,Acne,Acne,0.9976797699928284,True,"Acne,Benign_tumors,Warts,Tinea,Rosacea"
data/SkinDisease/SkinDisease/test/Acne/acne-open-comedo-58.jpeg,Acne,Acne,0.9819168448448181,True,"Acne,Benign_tumors,Eczema,Vascular_Tumors,Sun_Sunlight_Damage"
data/SkinDisease/SkinDisease/test/Acne/acne-open-comedo-59.jpeg,Acne,Acne,0.999996542930603,True,"Acne,Rosacea,Benign_tumors,Bullous,Tinea"
data/SkinDisease/SkinDisease/test/Acne/acne-open-comedo-72.jpeg,Acne,Acne,0.9969488978385925,True,"Acne,Benign_tumors,Warts,Bullous,Psoriasis"
data/SkinDisease/SkinDisease/test/Acne/acne-open-comedo-9.jpeg,Acne,Acne,0.9558329582214355,True,"Acne,Vascular_Tumors,Benign_tumors,Vasculitis,Lupus"
data/SkinDisease/SkinDisease/test/Acne/acne-pustular-22.jpeg,Acne,Acne,0.9996609687805176,True,"Acne,Rosacea,Actinic_Keratosis,Benign_tumors,Lupus"
data/SkinDisease/SkinDisease/test/Acne/acne-pustular-26.jpeg,Acne,Acne,0.9979898929595947,True,"Acne,Rosacea,Lupus,Benign_tumors,Actinic_Keratosis"
data/SkinDisease/SkinDisease/test/Acne/acne-pustular-35.jpeg,Acne,Acne,0.9943390488624573,True,"Acne,Rosacea,Actinic_Keratosis,Bullous,Tinea"
data/SkinDisease/SkinDisease/test/Acne/acne-pustular-60.jpeg,Acne,Acne,0.9999991655349731,True,"Acne,Rosacea,Benign_tumors,Lupus,Psoriasis"
data/SkinDisease/SkinDisease/test/Acne/acne-pustular-62.jpeg,Acne,Acne,0.995629072189331,True,"Acne,Eczema,Rosacea,Tinea,Infestations_Bites"
data/SkinDisease/SkinDisease/test/Actinic_Keratosis/243__ProtectWyJQcm90ZWN0Il0_FocusFillWzI5NCwyMjIsIngiLDFd.jpeg,Actinic_Keratosis,Actinic_Keratosis,0.9996918439865112,True,"Actinic_Keratosis,Lupus,Acne,Lichen,Psoriasis"
data/SkinDisease/SkinDisease/test/Actinic_Keratosis/246__ProtectWyJQcm90ZWN0Il0_FocusFillWzI5NCwyMjIsIngiLDFd.jpeg,Actinic_Keratosis,Actinic_Keratosis,0.9933449029922485,True,"Actinic_Keratosis,Sun_Sunlight_Damage,Acne,DrugEruption,Eczema"
data/SkinDisease/SkinDisease/test/Actinic_Keratosis/269__ProtectWyJQcm90ZWN0Il0_FocusFillWzI5NCwyMjIsIngiLDBd.jpeg,Actinic_Keratosis,Actinic_Keratosis,0.9993528723716736,True,"Actinic_Keratosis,Sun_Sunlight_Damage,Lupus,Rosacea,Psoriasis"
data/SkinDisease/SkinDisease/test/Actinic_Keratosis/272__ProtectWyJQcm90ZWN0Il0_FocusFillWzI5NCwyMjIsInkiLDg1XQ.jpeg,Actinic_Keratosis,Actinic_Keratosis,0.5458423495292664,True,"Actinic_Keratosis,Acne,Lupus,Sun_Sunlight_Damage,Rosacea"
data/SkinDisease/SkinDisease/test/Actinic_Keratosis/292__ProtectWyJQcm90ZWN0Il0_FocusFillWzI5NCwyMjIsInkiLDg1XQ.jpeg,Actinic_Keratosis,Acne,0.5644029974937439,False,"Acne,Actinic_Keratosis,Rosacea,Bullous,Infestations_Bites"
data/SkinDisease/SkinDisease/test/Actinic_Keratosis/295__ProtectWyJQcm90ZWN0Il0_FocusFillWzI5NCwyMjIsIngiLDFd.jpeg,Actinic_Keratosis,Acne,0.8491978049278259,False,"Acne,Actinic_Keratosis,Lupus,Rosacea,Infestations_Bites"
data/SkinDisease/SkinDisease/test/Actinic_Keratosis/300__ProtectWyJQcm90ZWN0Il0_FocusFillWzI5NCwyMjIsInkiLDg1XQ.jpeg,Actinic_Keratosis,Actinic_Keratosis,0.6658410429954529,True,"Actinic_Keratosis,Acne,Lupus,Benign_tumors,Psoriasis"
data/SkinDisease/SkinDisease/test/Actinic_Keratosis/314__ProtectWyJQcm90ZWN0Il0_FocusFillWzI5NCwyMjIsIngiLDFd.jpeg,Actinic_Keratosis,Actinic_Keratosis,0.9872533679008484,True,"Actinic_Keratosis,Lupus,Rosacea,Lichen,Psoriasis"
data/SkinDisease/SkinDisease/test/Actinic_Keratosis/321__ProtectWyJQcm90ZWN0Il0_FocusFillWzI5NCwyMjIsInkiLDg1XQ.jpeg,Actinic_Keratosis,Lupus,0.7280827164649963,False,"Lupus,Actinic_Keratosis,Rosacea,Acne,Lichen"
data/SkinDisease/SkinDisease/test/Actinic_Keratosis/3727__ProtectWyJQcm90ZWN0Il0_FocusFillWzI5NCwyMjIsIngiLDFd.jpeg,Actinic_Keratosis,Lupus,0.7480169534683228,False,"Lupus,Acne,Actinic_Keratosis,Rosacea,Psoriasis"
data/SkinDisease/SkinDisease/test/Actinic_Keratosis/3734__ProtectWyJQcm90ZWN0Il0_FocusFillWzI5NCwyMjIsIngiLDFd.jpeg,Actinic_Keratosis,Rosacea,0.4927295446395874,False,"Rosacea,Actinic_Keratosis,Acne,Seborrh_Keratoses,Benign_tumors"
data/SkinDisease/SkinDisease/test/Actinic_Keratosis/3740__ProtectWyJQcm90ZWN0Il0_FocusFillWzI5NCwyMjIsIngiLDFd.jpeg,Actinic_Keratosis,Actinic_Keratosis,0.6010816097259521,True,"Actinic_Keratosis,Rosacea,Lupus,Psoriasis,Acne"
data/SkinDisease/SkinDisease/test/Actinic_Keratosis/3747__ProtectWyJQcm90ZWN0Il0_FocusFillWzI5NCwyMjIsIngiLDFd.jpeg,Actinic_Keratosis,Actinic_Keratosis,0.9883036613464355,True,"Actinic_Keratosis,Lupus,Candidiasis,Psoriasis,Rosacea"
data/SkinDisease/SkinDisease/test/Actinic_Keratosis/425__ProtectWyJQcm90ZWN0Il0_FocusFillWzI5NCwyMjIsIngiLDFd.jpeg,Actinic_Keratosis,Actinic_Keratosis,0.9965972304344177,True,"Actinic_Keratosis,Rosacea,Lupus,Acne,SkinCancer"
data/SkinDisease/SkinDisease/test/Actinic_Keratosis/435__ProtectWyJQcm90ZWN0Il0_FocusFillWzI5NCwyMjIsIngiLDFd.jpeg,Actinic_Keratosis,Actinic_Keratosis,0.9988861680030823,True,"Actinic_Keratosis,Rosacea,Lupus,Acne,Psoriasis"
data/SkinDisease/SkinDisease/test/Actinic_Keratosis/457__ProtectWyJQcm90ZWN0Il0_FocusFillWzI5NCwyMjIsIngiLDFd.jpeg,Actinic_Keratosis,Actinic_Keratosis,0.7653029561042786,True,"Actinic_Keratosis,Acne,Lupus,Benign_tumors,Rosacea"
data/SkinDisease/SkinDisease/test/Actinic_Keratosis/473__ProtectWyJQcm90ZWN0Il0_FocusFillWzI5NCwyMjIsInkiLDg1XQ.jpeg,Actinic_Keratosis,Actinic_Keratosis,0.9999668598175049,True,"Actinic_Keratosis,Sun_Sunlight_Damage,Lupus,Benign_tumors,Acne"
data/SkinDisease/SkinDisease/test/Actinic_Keratosis/475__ProtectWyJQcm90ZWN0Il0_FocusFillWzI5NCwyMjIsIngiLDFd.jpeg,Actinic_Keratosis,Actinic_Keratosis,0.9863619804382324,True,"Actinic_Keratosis,DrugEruption,Lupus,Rosacea,Lichen"
data/SkinDisease/SkinDisease/test/Actinic_Keratosis/Actinic-keratosis-AK-scaled.jpeg,Actinic_Keratosis,Infestations_Bites,0.7373704314231873,False,"Infestations_Bites,Acne,Bullous,DrugEruption,Actinic_Keratosis"
data/SkinDisease/SkinDisease/test/Actinic_Keratosis/actinic-cheilitis-sq-cell-lip-10.jpeg,Actinic_Keratosis,Eczema,0.26036420464515686,False,"Eczema,Sun_Sunlight_Damage,Rosacea,Tinea,Candidiasis"
data/SkinDisease/SkinDisease/test/Actinic_Keratosis/actinic-cheilitis-sq-cell-lip-11.jpeg,Actinic_Keratosis,SkinCancer,0.9816024899482727,False,"SkinCancer,Benign_tumors,Sun_Sunlight_Damage,Actinic_Keratosis,Psoriasis"
data/SkinDisease/SkinDisease/test/Actinic_Keratosis/actinic-cheilitis-sq-cell-lip-21.jpeg,Actinic_Keratosis,Actinic_Keratosis,0.8515732288360596,True,"Actinic_Keratosis,Tinea,Sun_Sunlight_Damage,Candidiasis,Acne"
data/SkinDisease/SkinDisease/test/Actinic_Keratosis/actinic-cheilitis-sq-cell-lip-42.jpeg,Actinic_Keratosis,Actinic_Keratosis,0.9998551607131958,True,"Actinic_Keratosis,Vascular_Tumors,Sun_Sunlight_Damage,Rosacea,DrugEruption"
data/SkinDisease/SkinDisease/test/Actinic_Keratosis/actinic-cheilitis-sq-cell-lip-54.jpeg,Actinic_Keratosis,Actinic_Keratosis,0.9953280687332153,True,"Actinic_Keratosis,Vascular_Tumors,DrugEruption,Moles,Lichen"
data/SkinDisease/SkinDisease/test/Actinic_Keratosis/actinic-keratosis-5FU-24.jpeg,Actinic_Keratosis,Actinic_Keratosis,0.9988844990730286,True,"Actinic_Keratosis,Vascular_Tumors,Sun_Sunlight_Damage,Eczema,SkinCancer"
data/SkinDisease/SkinDisease/test/Actinic_Keratosis/actinic-keratosis-5FU-32.jpeg,Actinic_Keratosis,Actinic_Keratosis,0.93543940782547,True,"Actinic_Keratosis,Psoriasis,Benign_tumors,SkinCancer,Bullous"
data/SkinDisease/SkinDisease/test/Actinic_Keratosis/actinic-keratosis-5FU-38.jpeg,Actinic_Keratosis,Vasculitis,0.5260170698165894,False,"Vasculitis,Acne,Infestations_Bites,Benign_tumors,Candidiasis"
data/SkinDisease/SkinDisease/test/Actinic_Keratosis/actinic-keratosis-5FU-52.jpeg,Actinic_Keratosis,Actinic_Keratosis,0.9943162798881531,True,"Actinic_Keratosis,Lichen,Eczema,Sun_Sunlight_Damage,Vasculitis"
data/SkinDisease/SkinDisease/test/Actinic_Keratosis/actinic-keratosis-5FU-56.jpeg,Actinic_Keratosis,Rosacea,0.682545006275177,False,"Rosacea,Lupus,Eczema,Actinic_Keratosis,Vascular_Tumors"
data/SkinDisease/SkinDisease/test/Actinic_Keratosis/actinic-keratosis-5FU-60.jpeg,Actinic_Keratosis,Actinic_Keratosis,0.6232719421386719,True,"Actinic_Keratosis,Eczema,Tinea,Psoriasis,Sun_Sunlight_Damage"
data/SkinDisease/SkinDisease/test/Actinic_Keratosis/actinic-keratosis-face-10.jpeg,Actinic_Keratosis,Actinic_Keratosis,0.9225953817367554,True,"Actinic_Keratosis,Benign_tumors,SkinCancer,Sun_Sunlight_Damage,Lupus"
data/SkinDisease/SkinDisease/test/Actinic_Keratosis/actinic-keratosis-face-12.jpeg,Actinic_Keratosis,Actinic_Keratosis,0.9803116321563721,True,"Actinic_Keratosis,SkinCancer,Tinea,Vascular_Tumors,Warts"
data/SkinDisease/SkinDisease/test/Actinic_Keratosis/actinic-keratosis-face-15.jpeg,Actinic_Keratosis,Sun_Sunlight_Damage,0.6902580857276917,False,"Sun_Sunlight_Damage,Actinic_Keratosis,Benign_tumors,Acne,SkinCancer"
data/SkinDisease/SkinDisease/test/Actinic_Keratosis/actinic-keratosis-face-17.jpeg,Actinic_Keratosis,Actinic_Keratosis,0.9032065868377686,True,"Actinic_Keratosis,Benign_tumors,SkinCancer,Sun_Sunlight_Damage,Eczema"
data/SkinDisease/SkinDisease/test/Actinic_Keratosis/actinic-keratosis-face-23.jpeg,Actinic_Keratosis,Actinic_Keratosis,0.6457826495170593,True,"Actinic_Keratosis,SkinCancer,Benign_tumors,Acne,Bullous"
data/SkinDisease/SkinDisease/test/Actinic_Keratosis/actinic-keratosis-face-27.jpeg,Actinic_Keratosis,Actinic_Keratosis,0.9990530610084534,True,"Actinic_Keratosis,Benign_tumors,Seborrh_Keratoses,Bullous,Rosacea"
data/SkinDisease/SkinDisease/test/Actinic_Keratosis/actinic-keratosis-face-52.jpeg,Actinic_Keratosis,Actinic_Keratosis,0.908778190612793,True,"Actinic_Keratosis,SkinCancer,Rosacea,Benign_tumors,Lupus"
data/SkinDisease/SkinDisease/test/Actinic_Keratosis/actinic-keratosis-face-57.jpeg,Actinic_Keratosis,Actinic_Keratosis,0.5722048282623291,True,"Actinic_Keratosis,Warts,SkinCancer,Sun_Sunlight_Damage,Benign_tumors"
data/SkinDisease/SkinDisease/test/Actinic_Keratosis/actinic-keratosis-face-58.jpeg,Actinic_Keratosis,Actinic_Keratosis,0.8201403617858887,True,"Actinic_Keratosis,Warts,Benign_tumors,Sun_Sunlight_Damage,SkinCancer"
data/SkinDisease/SkinDisease/test/Actinic_Keratosis/actinic-keratosis-face-9.jpeg,Actinic_Keratosis,Actinic_Keratosis,0.5041651129722595,True,"Actinic_Keratosis,Lupus,Eczema,SkinCancer,Benign_tumors"
data/SkinDisease/SkinDisease/test/Actinic_Keratosis/actinic-keratosis-hand-12.jpeg,Actinic_Keratosis,Actinic_Keratosis,0.9980547428131104,True,"Actinic_Keratosis,Sun_Sunlight_Damage,Lichen,Rosacea,DrugEruption"
data/SkinDisease/SkinDisease/test/Actinic_Keratosis/actinic-keratosis-hand-18.jpeg,Actinic_Keratosis,Actinic_Keratosis,0.999215841293335,True,"Actinic_Keratosis,Bullous,Sun_Sunlight_Damage,Lichen,DrugEruption"
data/SkinDisease/SkinDisease/test/Actinic_Keratosis/actinic-keratosis-hand-6.jpeg,Actinic_Keratosis,Lichen,0.7650097012519836,False,"Lichen,Actinic_Keratosis,Sun_Sunlight_Damage,Bullous,Tinea"
data/SkinDisease/SkinDisease/test/Actinic_Keratosis/actinic-keratosis-horn-27.jpeg,Actinic_Keratosis,Actinic_Keratosis,0.8018731474876404,True,"Actinic_Keratosis,Vasculitis,Sun_Sunlight_Damage,Tinea,Psoriasis"
data/SkinDisease/SkinDisease/test/Actinic_Keratosis/actinic-keratosis-lesion-28.jpeg,Actinic_Keratosis,Actinic_Keratosis,0.999897837638855,True,"Actinic_Keratosis,Benign_tumors,SkinCancer,Bullous,Sun_Sunlight_Damage"
data/SkinDisease/SkinDisease/test/Actinic_Keratosis/actinic-keratosis-lesion-5.jpeg,Actinic_Keratosis,Actinic_Keratosis,0.741855800151825,True,"Actinic_Keratosis,SkinCancer,Sun_Sunlight_Damage,Benign_tumors,Tinea"
data/SkinDisease/SkinDisease/test/Actinic_Keratosis/actinic-keratosis-lesion-6.jpeg,Actinic_Keratosis,Actinic_Keratosis,0.9933297038078308,True,"Actinic_Keratosis,Acne,Sun_Sunlight_Damage,Benign_tumors,Eczema"
data/SkinDisease/SkinDisease/test/Actinic_Keratosis/actinic-keratosis-nose-7.jpeg,Actinic_Keratosis,Actinic_Keratosis,0.9955028891563416,True,"Actinic_Keratosis,Benign_tumors,Sun_Sunlight_Damage,Rosacea,SkinCancer"
data/SkinDisease/SkinDisease/test/Actinic_Keratosis/actinic-keratosis-pigmented-7.jpeg,Actinic_Keratosis,SkinCancer,0.45471736788749695,False,"SkinCancer,Seborrh_Keratoses,Benign_tumors,Actinic_Keratosis,Moles"
data/SkinDisease/SkinDisease/test/Actinic_Keratosis/actinic-keratosis-web.jpeg,Actinic_Keratosis,Actinic_Keratosis,0.9999148845672607,True,"Actinic_Keratosis,Lupus,Acne,Rosacea,Benign_tumors"
data/SkinDisease/SkinDisease/test/Actinic_Keratosis/actinicKeratosisSolarKeratosis_51768_lg.jpeg,Actinic_Keratosis,Actinic_Keratosis,0.9344121217727661,True,"Actinic_Keratosis,Lichen,Infestations_Bites,Psoriasis,Lupus"
data/SkinDisease/SkinDisease/test/Actinic_Keratosis/actinic_keratosis.jpeg,Actinic_Keratosis,Actinic_Keratosis,0.9961143732070923,True,"Actinic_Keratosis,Rosacea,Sun_Sunlight_Damage,SkinCancer,Acne"
data/SkinDisease/SkinDisease/test/Actinic_Keratosis/image14.jpeg,Actinic_Keratosis,Actinic_Keratosis,0.9991542100906372,True,"Actinic_Keratosis,Bullous,Sun_Sunlight_Damage,Psoriasis,DrugEruption"
data/SkinDisease/SkinDisease/test/Actinic_Keratosis/image18.jpeg,Actinic_Keratosis,Actinic_Keratosis,0.9943163990974426,True,"Actinic_Keratosis,Lichen,Bullous,Benign_tumors,DrugEruption"
data/SkinDisease/SkinDisease/test/Actinic_Keratosis/images106.jpeg,Actinic_Keratosis,Actinic_Keratosis,0.9265144467353821,True,"Actinic_Keratosis,Bullous,DrugEruption,Lichen,Psoriasis"
data/SkinDisease/SkinDisease/test/Actinic_Keratosis/images109.jpeg,Actinic_Keratosis,Actinic_Keratosis,0.9907384514808655,True,"Actinic_Keratosis,Bullous,Rosacea,DrugEruption,SkinCancer"
data/SkinDisease/SkinDisease/test/Actinic_Keratosis/images117.jpeg,Actinic_Keratosis,Bullous,0.9999806880950928,False,"Bullous,Actinic_Keratosis,DrugEruption,Lichen,Vasculitis"
data/SkinDisease/SkinDisease/test/Actinic_Keratosis/images132.jpeg,Actinic_Keratosis,Actinic_Keratosis,0.9999964237213135,True,"Actinic_Keratosis,Benign_tumors,Bullous,Sun_Sunlight_Damage,Rosacea"
data/SkinDisease/SkinDisease/test/Actinic_Keratosis/images137.jpeg,Actinic_Keratosis,Rosacea,0.5871391296386719,False,"Rosacea,Actinic_Keratosis,Bullous,DrugEruption,Candidiasis"
data/SkinDisease/SkinDisease/test/Actinic_Keratosis/images149.jpeg,Actinic_Keratosis,Actinic_Keratosis,0.886060357093811,True,"Actinic_Keratosis,DrugEruption,Bullous,Rosacea,Lichen"
data/SkinDisease/SkinDisease/test/Actinic_Keratosis/images151.jpeg,Actinic_Keratosis,DrugEruption,0.943630039691925,False,"DrugEruption,Bullous,Actinic_Keratosis,Lichen,Vitiligo"
data/SkinDisease/SkinDisease/test/Actinic_Keratosis/images160.jpeg,Actinic_Keratosis,Actinic_Keratosis,0.9999862909317017,True,"Actinic_Keratosis,Rosacea,Benign_tumors,Bullous,Lupus"
data/SkinDisease/SkinDisease/test/Actinic_Keratosis/images161.jpeg,Actinic_Keratosis,Actinic_Keratosis,0.8838178515434265,True,"Actinic_Keratosis,Psoriasis,Seborrh_Keratoses,Sun_Sunlight_Damage,Rosacea"
data/SkinDisease/SkinDisease/test/Actinic_Keratosis/images170.jpeg,Actinic_Keratosis,Actinic_Keratosis,0.9963719844818115,True,"Actinic_Keratosis,SkinCancer,Benign_tumors,Bullous,Lichen"
data/SkinDisease/SkinDisease/test/Actinic_Keratosis/images195.jpeg,Actinic_Keratosis,Actinic_Keratosis,0.9987422823905945,True,"Actinic_Keratosis,DrugEruption,Rosacea,Bullous,SkinCancer"
data/SkinDisease/SkinDisease/test/Actinic_Keratosis/images200.jpeg,Actinic_Keratosis,Actinic_Keratosis,0.9999545812606812,True,"Actinic_Keratosis,DrugEruption,Benign_tumors,Sun_Sunlight_Damage,Bullous"
data/SkinDisease/SkinDisease/test/Actinic_Keratosis/images204.jpeg,Actinic_Keratosis,Actinic_Keratosis,0.9551241397857666,True,"Actinic_Keratosis,Bullous,DrugEruption,Lichen,SkinCancer"
data/SkinDisease/SkinDisease/test/Actinic_Keratosis/images221.jpeg,Actinic_Keratosis,Actinic_Keratosis,0.9999479055404663,True,"Actinic_Keratosis,Benign_tumors,Sun_Sunlight_Damage,Rosacea,Lupus"
data/SkinDisease/SkinDisease/test/Actinic_Keratosis/images227.jpeg,Actinic_Keratosis,Actinic_Keratosis,0.9999107122421265,True,"Actinic_Keratosis,DrugEruption,Bullous,Benign_tumors,Lichen"
data/SkinDisease/SkinDisease/test/Actinic_Keratosis/images236.jpeg,Actinic_Keratosis,Actinic_Keratosis,0.9780707955360413,True,"Actinic_Keratosis,DrugEruption,Bullous,Lichen,Infestations_Bites"
data/SkinDisease/SkinDisease/test/Actinic_Keratosis/images256.jpeg,Actinic_Keratosis,Actinic_Keratosis,0.9983212351799011,True,"Actinic_Keratosis,DrugEruption,Bullous,Lichen,Rosacea"
data/SkinDisease/SkinDisease/test/Actinic_Keratosis/images258.jpeg,Actinic_Keratosis,Actinic_Keratosis,0.9593908190727234,True,"Actinic_Keratosis,Bullous,DrugEruption,Vitiligo,Lupus"
data/SkinDisease/SkinDisease/test/Actinic_Keratosis/images26.jpeg,Actinic_Keratosis,Actinic_Keratosis,0.6727269887924194,True,"Actinic_Keratosis,Rosacea,Acne,Bullous,DrugEruption"
data/SkinDisease/SkinDisease/test/Actinic_Keratosis/images262.jpeg,Actinic_Keratosis,Actinic_Keratosis,0.999948263168335,True,"Actinic_Keratosis,Bullous,DrugEruption,Lichen,Rosacea"
data/SkinDisease/SkinDisease/test/Actinic_Keratosis/images27.jpeg,Actinic_Keratosis,Actinic_Keratosis,0.9564289450645447,True,"Actinic_Keratosis,Rosacea,SkinCancer,Seborrh_Keratoses,Benign_tumors"
data/SkinDisease/SkinDisease/test/Actinic_Keratosis/images287.jpeg,Actinic_Keratosis,Bullous,0.9967753291130066,False,"Bullous,DrugEruption,Actinic_Keratosis,Lichen,Vascular_Tumors"
data/SkinDisease/SkinDisease/test/Actinic_Keratosis/images29.jpeg,Actinic_Keratosis,Actinic_Keratosis,0.9997039437294006,True,"Actinic_Keratosis,Rosacea,DrugEruption,Bullous,Benign_tumors"
data/SkinDisease/SkinDisease/test/Actinic_Keratosis/images3.jpeg,Actinic_Keratosis,Actinic_Keratosis,0.9999426603317261,True,"Actinic_Keratosis,Bullous,DrugEruption,Benign_tumors,Infestations_Bites"
data/SkinDisease/SkinDisease/test/Actinic_Keratosis/images31.jpeg,Actinic_Keratosis,Actinic_Keratosis,0.9947816729545593,True,"Actinic_Keratosis,Bullous,DrugEruption,Infestations_Bites,SkinCancer"
data/SkinDisease/SkinDisease/test/Actinic_Keratosis/images35.jpeg,Actinic_Keratosis,Actinic_Keratosis,0.9603790044784546,True,"Actinic_Keratosis,Bullous,Vitiligo,Lichen,DrugEruption"
data/SkinDisease/SkinDisease/test/Actinic_Keratosis/images65.jpeg,Actinic_Keratosis,Actinic_Keratosis,0.9239270687103271,True,"Actinic_Keratosis,Vitiligo,Bullous,DrugEruption,Rosacea"
data/SkinDisease/SkinDisease/test/Actinic_Keratosis/images67.jpeg,Actinic_Keratosis,Rosacea,0.6263620853424072,False,"Rosacea,Actinic_Keratosis,Bullous,DrugEruption,Eczema"
data/SkinDisease/SkinDisease/test/Actinic_Keratosis/images91.jpeg,Actinic_Keratosis,Actinic_Keratosis,0.9905016422271729,True,"Actinic_Keratosis,Bullous,Rosacea,Lupus,Vitiligo"
data/SkinDisease/SkinDisease/test/Benign_tumors/20EpidermCystRuptured1.jpeg,Benign_tumors,Benign_tumors,0.6846005916595459,True,"Benign_tumors,SkinCancer,Psoriasis,Candidiasis,Warts"
data/SkinDisease/SkinDisease/test/Benign_tumors/20PilarCyst0825.jpeg,Benign_tumors,Benign_tumors,0.9982170462608337,True,"Benign_tumors,SkinCancer,Moles,Vascular_Tumors,Sun_Sunlight_Damage"
data/SkinDisease/SkinDisease/test/Benign_tumors/20SebNevus0216.jpeg,Benign_tumors,Benign_tumors,0.9707159399986267,True,"Benign_tumors,Moles,Acne,Seborrh_Keratoses,Vascular_Tumors"
data/SkinDisease/SkinDisease/test/Benign_tumors/accessory-nipple-7.jpeg,Benign_tumors,Benign_tumors,0.9900113940238953,True,"Benign_tumors,SkinCancer,Moles,Sun_Sunlight_Damage,Seborrh_Keratoses"
data/SkinDisease/SkinDisease/test/Benign_tumors/acquired-digital-fibrokeratoma-3.jpeg,Benign_tumors,Benign_tumors,0.990127444267273,True,"Benign_tumors,Eczema,Sun_Sunlight_Damage,Moles,Bullous"
data/SkinDisease/SkinDisease/test/Benign_tumors/calcifying-epithelioma-7.jpeg,Benign_tumors,Benign_tumors,0.2764061689376831,True,"Benign_tumors,Tinea,Moles,Lupus,Vasculitis"
data/SkinDisease/SkinDisease/test/Benign_tumors/chondrodermatitis-nodularis-15.jpeg,Benign_tumors,Benign_tumors,0.9999504089355469,True,"Benign_tumors,Moles,SkinCancer,Sun_Sunlight_Damage,Eczema"
data/SkinDisease/SkinDisease/test/Benign_tumors/chondrodermatitis-nodularis-19.jpeg,Benign_tumors,Benign_tumors,0.999936580657959,True,"Benign_tumors,SkinCancer,Vascular_Tumors,Actinic_Keratosis,Tinea"
data/SkinDisease/SkinDisease/test/Benign_tumors/chondrodermatitis-nodularis-33.jpeg,Benign_tumors,Benign_tumors,0.9999963045120239,True,"Benign_tumors,SkinCancer,Warts,Actinic_Keratosis,Vascular_Tumors"
data/SkinDisease/SkinDisease/test/Benign_tumors/chondrodermatitis-nodularis-35.jpeg,Benign_tumors,Benign_tumors,0.9998043179512024,True,"Benign_tumors,Moles,Psoriasis,Candidiasis,Sun_Sunlight_Damage"
data/SkinDisease/SkinDisease/test/Benign_tumors/chondrodermatitis-nodularis-59.jpeg,Benign_tumors,Benign_tumors,0.9999836683273315,True,"Benign_tumors,Moles,Sun_Sunlight_Damage,SkinCancer,Vascular_Tumors"
data/SkinDisease/SkinDisease/test/Benign_tumors/chondrodermatitis-nodularis-78.jpeg,Benign_tumors,Benign_tumors,0.9847730398178101,True,"Benign_tumors,Sun_Sunlight_Damage,Eczema,Moles,SkinCancer"
data/SkinDisease/SkinDisease/test/Benign_tumors/connective-tissue-nevus-1.jpeg,Benign_tumors,Tinea,0.7748316526412964,False,"Tinea,Lichen,Infestations_Bites,Benign_tumors,Sun_Sunlight_Damage"
data/SkinDisease/SkinDisease/test/Benign_tumors/connective-tissue-nevus-2.jpeg,Benign_tumors,Lichen,0.5673748254776001,False,"Lichen,Infestations_Bites,Vasculitis,DrugEruption,Bullous"
data/SkinDisease/SkinDisease/test/Benign_tumors/cylindroma-11.jpeg,Benign_tumors,Benign_tumors,0.9894017577171326,True,"Benign_tumors,SkinCancer,Moles,Vascular_Tumors,Bullous"
data/SkinDisease/SkinDisease/test/Benign_tumors/cylindroma-13.jpeg,Benign_tumors,Benign_tumors,0.927891194820404,True,"Benign_tumors,SkinCancer,Moles,Vascular_Tumors,Tinea"
data/SkinDisease/SkinDisease/test/Benign_tumors/cylindroma-7.jpeg,Benign_tumors,Vascular_Tumors,0.999897837638855,False,"Vascular_Tumors,Benign_tumors,Moles,SkinCancer,Vasculitis"
data/SkinDisease/SkinDisease/test/Benign_tumors/dermatofibroma-103.jpeg,Benign_tumors,Benign_tumors,0.9989854693412781,True,"Benign_tumors,SkinCancer,Actinic_Keratosis,Sun_Sunlight_Damage,Warts"
data/SkinDisease/SkinDisease/test/Benign_tumors/dermatofibroma-105.jpeg,Benign_tumors,Benign_tumors,0.9986176490783691,True,"Benign_tumors,Moles,Sun_Sunlight_Damage,Infestations_Bites,SkinCancer"
data/SkinDisease/SkinDisease/test/Benign_tumors/dermatofibroma-117.jpeg,Benign_tumors,Benign_tumors,0.9980680346488953,True,"Benign_tumors,Moles,Vascular_Tumors,SkinCancer,Lichen"
data/SkinDisease/SkinDisease/test/Benign_tumors/dermatofibroma-13.jpeg,Benign_tumors,Vascular_Tumors,0.9941926598548889,False,"Vascular_Tumors,Benign_tumors,SkinCancer,Bullous,Vasculitis"
data/SkinDisease/SkinDisease/test/Benign_tumors/dermatofibroma-131.jpeg,Benign_tumors,Benign_tumors,0.9999411106109619,True,"Benign_tumors,SkinCancer,Actinic_Keratosis,Acne,Moles"
data/SkinDisease/SkinDisease/test/Benign_tumors/dermatofibroma-136.jpeg,Benign_tumors,Benign_tumors,0.9076453447341919,True,"Benign_tumors,Vasculitis,Eczema,Bullous,Sun_Sunlight_Damage"
data/SkinDisease/SkinDisease/test/Benign_tumors/dermatofibroma-15.jpeg,Benign_tumors,Benign_tumors,0.6076314449310303,True,"Benign_tumors,Vascular_Tumors,Moles,Bullous,Tinea"
data/SkinDisease/SkinDisease/test/Benign_tumors/dermatofibroma-18.jpeg,Benign_tumors,Infestations_Bites,0.6289535760879517,False,"Infestations_Bites,Bullous,Vasculitis,Vascular_Tumors,DrugEruption"
data/SkinDisease/SkinDisease/test/Benign_tumors/dermatofibroma-20.jpeg,Benign_tumors,Benign_tumors,0.9999934434890747,True,"Benign_tumors,Moles,Lichen,Warts,SkinCancer"
data/SkinDisease/SkinDisease/test/Benign_tumors/dermatofibroma-31.jpeg,Benign_tumors,SkinCancer,0.784321129322052,False,"SkinCancer,Benign_tumors,Moles,Seborrh_Keratoses,Actinic_Keratosis"
data/SkinDisease/SkinDisease/test/Benign_tumors/dermatofibroma-48.jpeg,Benign_tumors,Moles,0.7193451523780823,False,"Moles,SkinCancer,Vasculitis,Sun_Sunlight_Damage,Actinic_Keratosis"
data/SkinDisease/SkinDisease/test/Benign_tumors/dermatofibroma-58.jpeg,Benign_tumors,Moles,0.3604518175125122,False,"Moles,Actinic_Keratosis,Seborrh_Keratoses,Benign_tumors,Acne"
data/SkinDisease/SkinDisease/test/Benign_tumors/dermatofibroma-65.jpeg,Benign_tumors,Sun_Sunlight_Damage,0.561603307723999,False,"Sun_Sunlight_Damage,Moles,Benign_tumors,Actinic_Keratosis,Tinea"
data/SkinDisease/SkinDisease/test/Benign_tumors/dermatofibroma-78.jpeg,Benign_tumors,Benign_tumors,0.9771646857261658,True,"Benign_tumors,Moles,Infestations_Bites,Warts,Vasculitis"
data/SkinDisease/SkinDisease/test/Benign_tumors/dermatofibroma-90.jpeg,Benign_tumors,Benign_tumors,0.9999781847000122,True,"Benign_tumors,Moles,Warts,SkinCancer,Vascular_Tumors"
data/SkinDisease/SkinDisease/test/Benign_tumors/dermatofibroma-91.jpeg,Benign_tumors,Benign_tumors,0.9999837875366211,True,"Benign_tumors,SkinCancer,Moles,Vascular_Tumors,Sun_Sunlight_Damage"
data/SkinDisease/SkinDisease/test/Benign_tumors/dermatosis-papulosa-nigra-2.jpeg,Benign_tumors,Benign_tumors,0.8827475905418396,True,"Benign_tumors,SkinCancer,Sun_Sunlight_Damage,Infestations_Bites,Lupus"
data/SkinDisease/SkinDisease/test/Benign_tumors/dermatosis-papulosa-nigra-3.jpeg,Benign_tumors,Acne,0.9266930222511292,False,"Acne,Warts,Benign_tumors,Eczema,Vascular_Tumors"
data/SkinDisease/SkinDisease/test/Benign_tumors/endometriosis-1.jpeg,Benign_tumors,Benign_tumors,0.48658254742622375,True,"Benign_tumors,Lichen,SkinCancer,Seborrh_Keratoses,Warts"
data/SkinDisease/SkinDisease/test/Benign_tumors/epidermal-cyst-106.jpeg,Benign_tumors,Benign_tumors,0.9981605410575867,True,"Benign_tumors,SkinCancer,Moles,Sun_Sunlight_Damage,Warts"
data/SkinDisease/SkinDisease/test/Benign_tumors/epidermal-cyst-109.jpeg,Benign_tumors,Benign_tumors,0.9754309058189392,True,"Benign_tumors,Moles,SkinCancer,Acne,Sun_Sunlight_Damage"
data/SkinDisease/SkinDisease/test/Benign_tumors/epidermal-cyst-110.jpeg,Benign_tumors,SkinCancer,0.9911184906959534,False,"SkinCancer,Benign_tumors,Actinic_Keratosis,Bullous,Warts"
data/SkinDisease/SkinDisease/test/Benign_tumors/epidermal-cyst-114.jpeg,Benign_tumors,Benign_tumors,0.9987807869911194,True,"Benign_tumors,SkinCancer,Vascular_Tumors,Moles,Actinic_Keratosis"
data/SkinDisease/SkinDisease/test/Benign_tumors/epidermal-cyst-141.jpeg,Benign_tumors,Tinea,0.894353449344635,False,"Tinea,Psoriasis,Candidiasis,SkinCancer,Infestations_Bites"
data/SkinDisease/SkinDisease/test/Benign_tumors/epidermal-cyst-145.jpeg,Benign_tumors,Benign_tumors,0.9873034358024597,True,"Benign_tumors,Lichen,Warts,Infestations_Bites,Eczema"
data/SkinDisease/SkinDisease/test/Benign_tumors/epidermal-cyst-147.jpeg,Benign_tumors,Benign_tumors,0.9997350573539734,True,"Benign_tumors,SkinCancer,Moles,Actinic_Keratosis,Bullous"
data/SkinDisease/SkinDisease/test/Benign_tumors/epidermal-cyst-171.jpeg,Benign_tumors,Benign_tumors,0.999785840511322,True,"Benign_tumors,Moles,Vascular_Tumors,Lichen,SkinCancer"
data/SkinDisease/SkinDisease/test/Benign_tumors/epidermal-cyst-185.jpeg,Benign_tumors,Benign_tumors,0.9998475313186646,True,"Benign_tumors,Warts,Vascular_Tumors,Moles,SkinCancer"
data/SkinDisease/SkinDisease/test/Benign_tumors/epidermal-nevus-23.jpeg,Benign_tumors,Tinea,0.9999343156814575,False,"Tinea,Vitiligo,Lichen,Benign_tumors,Sun_Sunlight_Damage"
data/SkinDisease/SkinDisease/test/Benign_tumors/epidermal-nevus-35.jpeg,Benign_tumors,Benign_tumors,0.9916666150093079,True,"Benign_tumors,Vascular_Tumors,Moles,Infestations_Bites,Warts"
data/SkinDisease/SkinDisease/test/Benign_tumors/epidermal-nevus-36.jpeg,Benign_tumors,Benign_tumors,0.9866559505462646,True,"Benign_tumors,Vascular_Tumors,Moles,Warts,Infestations_Bites"
data/SkinDisease/SkinDisease/test/Benign_tumors/epidermal-nevus-48.jpeg,Benign_tumors,Benign_tumors,0.5391197800636292,True,"Benign_tumors,Warts,Lichen,Moles,Bullous"
data/SkinDisease/SkinDisease/test/Benign_tumors/epidermal-nevus-50.jpeg,Benign_tumors,Benign_tumors,0.9990543723106384,True,"Benign_tumors,Warts,Tinea,Seborrh_Keratoses,Moles"
data/SkinDisease/SkinDisease/test/Benign_tumors/epidermal-nevus-59.jpeg,Benign_tumors,Benign_tumors,0.999799907207489,True,"Benign_tumors,SkinCancer,Vasculitis,Moles,Bullous"
data/SkinDisease/SkinDisease/test/Benign_tumors/epidermal-nevus-63.jpeg,Benign_tumors,Benign_tumors,0.9999792575836182,True,"Benign_tumors,Sun_Sunlight_Damage,Tinea,Vascular_Tumors,Warts"
data/SkinDisease/SkinDisease/test/Benign_tumors/fibromatosis-progressive-1.jpeg,Benign_tumors,Vascular_Tumors,0.6636042594909668,False,"Vascular_Tumors,Infestations_Bites,Vasculitis,Benign_tumors,Bullous"
data/SkinDisease/SkinDisease/test/Benign_tumors/granular-cell-tumor-1.jpeg,Benign_tumors,Benign_tumors,0.591433048248291,True,"Benign_tumors,SkinCancer,Moles,Seborrh_Keratoses,Sun_Sunlight_Damage"
data/SkinDisease/SkinDisease/test/Benign_tumors/keloids-10.jpeg,Benign_tumors,Benign_tumors,0.9122942090034485,True,"Benign_tumors,Infestations_Bites,Tinea,Unknown_Normal,SkinCancer"
data/SkinDisease/SkinDisease/test/Benign_tumors/keloids-14.jpeg,Benign_tumors,Benign_tumors,0.741899847984314,True,"Benign_tumors,Vascular_Tumors,Moles,SkinCancer,Bullous"
data/SkinDisease/SkinDisease/test/Benign_tumors/keloids-36.jpeg,Benign_tumors,SkinCancer,0.7195942401885986,False,"SkinCancer,Bullous,Vasculitis,Lichen,DrugEruption"
data/SkinDisease/SkinDisease/test/Benign_tumors/keloids-71.jpeg,Benign_tumors,Benign_tumors,0.9993345141410828,True,"Benign_tumors,SkinCancer,Moles,Lichen,Bullous"
data/SkinDisease/SkinDisease/test/Benign_tumors/keratoacanthoma-105.jpeg,Benign_tumors,Benign_tumors,0.9605085253715515,True,"Benign_tumors,Lupus,SkinCancer,Actinic_Keratosis,Rosacea"
data/SkinDisease/SkinDisease/test/Benign_tumors/keratoacanthoma-106.jpeg,Benign_tumors,Benign_tumors,0.9674455523490906,True,"Benign_tumors,Actinic_Keratosis,SkinCancer,Warts,Unknown_Normal"
data/SkinDisease/SkinDisease/test/Benign_tumors/keratoacanthoma-109.jpeg,Benign_tumors,Benign_tumors,0.9994294047355652,True,"Benign_tumors,SkinCancer,Actinic_Keratosis,Seborrh_Keratoses,Tinea"
data/SkinDisease/SkinDisease/test/Benign_tumors/keratoacanthoma-11.jpeg,Benign_tumors,Benign_tumors,0.769212007522583,True,"Benign_tumors,Vascular_Tumors,Warts,Tinea,Acne"
data/SkinDisease/SkinDisease/test/Benign_tumors/keratoacanthoma-12.jpeg,Benign_tumors,Benign_tumors,0.7296670079231262,True,"Benign_tumors,SkinCancer,Vascular_Tumors,Lichen,Infestations_Bites"
data/SkinDisease/SkinDisease/test/Benign_tumors/keratoacanthoma-135.jpeg,Benign_tumors,Benign_tumors,0.9998747110366821,True,"Benign_tumors,Warts,Vascular_Tumors,Moles,SkinCancer"
data/SkinDisease/SkinDisease/test/Benign_tumors/keratoacanthoma-141.jpeg,Benign_tumors,Benign_tumors,0.9998182654380798,True,"Benign_tumors,Warts,Actinic_Keratosis,Seborrh_Keratoses,Lichen"
data/SkinDisease/SkinDisease/test/Benign_tumors/keratoacanthoma-144.jpeg,Benign_tumors,Benign_tumors,0.9315072298049927,True,"Benign_tumors,Acne,Eczema,SkinCancer,Warts"
data/SkinDisease/SkinDisease/test/Benign_tumors/keratoacanthoma-153.jpeg,Benign_tumors,Seborrh_Keratoses,0.5748142004013062,False,"Seborrh_Keratoses,SkinCancer,Benign_tumors,Actinic_Keratosis,Warts"
data/SkinDisease/SkinDisease/test/Benign_tumors/keratoacanthoma-155.jpeg,Benign_tumors,Benign_tumors,0.995140552520752,True,"Benign_tumors,SkinCancer,Moles,Vascular_Tumors,Actinic_Keratosis"
data/SkinDisease/SkinDisease/test/Benign_tumors/keratoacanthoma-163.jpeg,Benign_tumors,Benign_tumors,0.9901100993156433,True,"Benign_tumors,SkinCancer,Moles,Lichen,Warts"
data/SkinDisease/SkinDisease/test/Benign_tumors/keratoacanthoma-167.jpeg,Benign_tumors,Benign_tumors,0.833909809589386,True,"Benign_tumors,Actinic_Keratosis,Acne,SkinCancer,Lupus"
data/SkinDisease/SkinDisease/test/Benign_tumors/keratoacanthoma-180.jpeg,Benign_tumors,Benign_tumors,0.9105578660964966,True,"Benign_tumors,Actinic_Keratosis,Seborrh_Keratoses,SkinCancer,Vascular_Tumors"
data/SkinDisease/SkinDisease/test/Benign_tumors/keratoacanthoma-184.jpeg,Benign_tumors,Benign_tumors,0.9999258518218994,True,"Benign_tumors,SkinCancer,Warts,Actinic_Keratosis,Seborrh_Keratoses"
data/SkinDisease/SkinDisease/test/Benign_tumors/keratoacanthoma-82.jpeg,Benign_tumors,Benign_tumors,0.9965007305145264,True,"Benign_tumors,SkinCancer,Vascular_Tumors,Sun_Sunlight_Damage,Seborrh_Keratoses"
data/SkinDisease/SkinDisease/test/Benign_tumors/keratoacanthoma-83.jpeg,Benign_tumors,Vasculitis,0.7801443338394165,False,"Vasculitis,SkinCancer,Seborrh_Keratoses,Acne,Benign_tumors"
data/SkinDisease/SkinDisease/test/Benign_tumors/keratoacanthoma-84.jpeg,Benign_tumors,Benign_tumors,0.9998414516448975,True,"Benign_tumors,Lichen,SkinCancer,Seborrh_Keratoses,Actinic_Keratosis"
data/SkinDisease/SkinDisease/test/Benign_tumors/keratoacanthoma-87.jpeg,Benign_tumors,Benign_tumors,0.9999001026153564,True,"Benign_tumors,Warts,SkinCancer,Actinic_Keratosis,Vascular_Tumors"
data/SkinDisease/SkinDisease/test/Benign_tumors/kyrle-disease-7.jpeg,Benign_tumors,Benign_tumors,0.9431732892990112,True,"Benign_tumors,Sun_Sunlight_Damage,Lupus,Lichen,Actinic_Keratosis"
data/SkinDisease/SkinDisease/test/Benign_tumors/lichen-striatus-2.jpeg,Benign_tumors,Lichen,0.9767187833786011,False,"Lichen,DrugEruption,Moles,Tinea,Sun_Sunlight_Damage"
data/SkinDisease/SkinDisease/test/Benign_tumors/neurofibromas-11.jpeg,Benign_tumors,Vasculitis,0.6495885848999023,False,"Vasculitis,Infestations_Bites,DrugEruption,Bullous,Lichen"
data/SkinDisease/SkinDisease/test/Benign_tumors/neurofibromas-6.jpeg,Benign_tumors,Benign_tumors,0.4441232979297638,True,"Benign_tumors,Sun_Sunlight_Damage,Lupus,Vascular_Tumors,SkinCancer"
data/SkinDisease/SkinDisease/test/Benign_tumors/nevus-sebaceous-23.jpeg,Benign_tumors,Benign_tumors,0.9992175102233887,True,"Benign_tumors,SkinCancer,Moles,Sun_Sunlight_Damage,Warts"
data/SkinDisease/SkinDisease/test/Benign_tumors/nevus-sebaceous-26.jpeg,Benign_tumors,Benign_tumors,0.9970160722732544,True,"Benign_tumors,Vascular_Tumors,SkinCancer,Tinea,Warts"
data/SkinDisease/SkinDisease/test/Benign_tumors/nevus-sebaceous-37.jpeg,Benign_tumors,Benign_tumors,0.9986144304275513,True,"Benign_tumors,Moles,Tinea,SkinCancer,Vitiligo"
data/SkinDisease/SkinDisease/test/Benign_tumors/nevus-sebaceous-48.jpeg,Benign_tumors,Psoriasis,0.9344903826713562,False,"Psoriasis,Candidiasis,Tinea,Lichen,Benign_tumors"
data/SkinDisease/SkinDisease/test/Benign_tumors/nevus-sebaceous-52.jpeg,Benign_tumors,Benign_tumors,0.4396384358406067,True,"Benign_tumors,Moles,SkinCancer,Vascular_Tumors,Sun_Sunlight_Damage"
data/SkinDisease/SkinDisease/test/Benign_tumors/nevus-sebaceous-60.jpeg,Benign_tumors,Benign_tumors,0.9667252898216248,True,"Benign_tumors,Tinea,Moles,Seborrh_Keratoses,Vascular_Tumors"
data/SkinDisease/SkinDisease/test/Benign_tumors/nevus-sebaceous-63.jpeg,Benign_tumors,Warts,0.6505836248397827,False,"Warts,Benign_tumors,Infestations_Bites,Vascular_Tumors,Bullous"
data/SkinDisease/SkinDisease/test/Benign_tumors/nevus-sebaceous-8.jpeg,Benign_tumors,Benign_tumors,0.9690617918968201,True,"Benign_tumors,Moles,Tinea,Lichen,Lupus"
data/SkinDisease/SkinDisease/test/Benign_tumors/nevus-sebaceous-9.jpeg,Benign_tumors,Benign_tumors,0.947548508644104,True,"Benign_tumors,SkinCancer,Psoriasis,Eczema,Sun_Sunlight_Damage"
data/SkinDisease/SkinDisease/test/Benign_tumors/pilar-cyst-17.jpeg,Benign_tumors,Benign_tumors,0.9957465529441833,True,"Benign_tumors,Tinea,Eczema,Vascular_Tumors,SkinCancer"
data/SkinDisease/SkinDisease/test/Benign_tumors/pilar-cyst-37.jpeg,Benign_tumors,Vascular_Tumors,0.5109678506851196,False,"Vascular_Tumors,Benign_tumors,Moles,Warts,SkinCancer"
data/SkinDisease/SkinDisease/test/Benign_tumors/porokeratosis-12.jpeg,Benign_tumors,Benign_tumors,0.9541762471199036,True,"Benign_tumors,Tinea,Warts,Infestations_Bites,Moles"
data/SkinDisease/SkinDisease/test/Benign_tumors/porokeratosis-14.jpeg,Benign_tumors,Benign_tumors,0.8205299377441406,True,"Benign_tumors,Warts,Seborrh_Keratoses,Tinea,Moles"
data/SkinDisease/SkinDisease/test/Benign_tumors/porokeratosis-17.jpeg,Benign_tumors,Benign_tumors,0.9936757683753967,True,"Benign_tumors,Vasculitis,Seborrh_Keratoses,Psoriasis,Infestations_Bites"
data/SkinDisease/SkinDisease/test/Benign_tumors/porokeratosis-25.jpeg,Benign_tumors,Benign_tumors,0.9971402883529663,True,"Benign_tumors,Vasculitis,Lichen,Sun_Sunlight_Damage,Infestations_Bites"
data/SkinDisease/SkinDisease/test/Benign_tumors/porokeratosis-3.jpeg,Benign_tumors,Benign_tumors,0.9941956400871277,True,"Benign_tumors,Sun_Sunlight_Damage,Lichen,SkinCancer,Vascular_Tumors"
data/SkinDisease/SkinDisease/test/Benign_tumors/porokeratosis-41.jpeg,Benign_tumors,Benign_tumors,0.3854246139526367,True,"Benign_tumors,Warts,Tinea,SkinCancer,Seborrh_Keratoses"
data/SkinDisease/SkinDisease/test/Benign_tumors/porokeratosis-61.jpeg,Benign_tumors,Benign_tumors,0.999603807926178,True,"Benign_tumors,Sun_Sunlight_Damage,Tinea,Lichen,Warts"
data/SkinDisease/SkinDisease/test/Benign_tumors/porokeratosis-70.jpeg,Benign_tumors,Benign_tumors,0.9950523972511292,True,"Benign_tumors,Warts,Lichen,Tinea,Sun_Sunlight_Damage"
data/SkinDisease/SkinDisease/test/Benign_tumors/porokeratosis-99.jpeg,Benign_tumors,Benign_tumors,0.9624223709106445,True,"Benign_tumors,Moles,Seborrh_Keratoses,SkinCancer,Lichen"
data/SkinDisease/SkinDisease/test/Benign_tumors/pseudo-cyst-auricle-1.jpeg,Benign_tumors,Benign_tumors,0.9988679885864258,True,"Benign_tumors,Warts,Moles,Vascular_Tumors,Eczema"
data/SkinDisease/SkinDisease/test/Benign_tumors/sebaceous-hyperplasia-10.jpeg,Benign_tumors,Benign_tumors,0.9984539747238159,True,"Benign_tumors,SkinCancer,Actinic_Keratosis,Lichen,Moles"
data/SkinDisease/SkinDisease/test/Benign_tumors/sebaceous-hyperplasia-33.jpeg,Benign_tumors,Tinea,0.6405792236328125,False,"Tinea,Benign_tumors,Psoriasis,Eczema,Lichen"
data/SkinDisease/SkinDisease/test/Benign_tumors/sebaceous-hyperplasia-43.jpeg,Benign_tumors,SkinCancer,0.6534474492073059,False,"SkinCancer,Vascular_Tumors,Sun_Sunlight_Damage,Benign_tumors,Actinic_Keratosis"
data/SkinDisease/SkinDisease/test/Benign_tumors/sebaceous-hyperplasia-54.jpeg,Benign_tumors,Benign_tumors,0.7039617300033569,True,"Benign_tumors,Sun_Sunlight_Damage,Warts,Eczema,Rosacea"
data/SkinDisease/SkinDisease/test/Benign_tumors/sebaceous-hyperplasia-66.jpeg,Benign_tumors,Benign_tumors,0.9998878240585327,True,"Benign_tumors,Warts,Acne,SkinCancer,Lupus"
data/SkinDisease/SkinDisease/test/Benign_tumors/sebaceous-hyperplasia-91.jpeg,Benign_tumors,Benign_tumors,0.8951349854469299,True,"Benign_tumors,Psoriasis,Sun_Sunlight_Damage,Tinea,Lupus"
data/SkinDisease/SkinDisease/test/Benign_tumors/sebaceous-hyperplasia-94.jpeg,Benign_tumors,Benign_tumors,0.9961666464805603,True,"Benign_tumors,Warts,SkinCancer,Actinic_Keratosis,Infestations_Bites"
data/SkinDisease/SkinDisease/test/Benign_tumors/skin-tags-polyps-17.jpeg,Benign_tumors,Benign_tumors,0.7918897271156311,True,"Benign_tumors,Seborrh_Keratoses,Moles,Warts,SkinCancer"
data/SkinDisease/SkinDisease/test/Benign_tumors/skin-tags-polyps-2.jpeg,Benign_tumors,Benign_tumors,0.9996055960655212,True,"Benign_tumors,Warts,Vascular_Tumors,Tinea,Psoriasis"
data/SkinDisease/SkinDisease/test/Benign_tumors/skin-tags-polyps-44.jpeg,Benign_tumors,Vascular_Tumors,0.625217854976654,False,"Vascular_Tumors,SkinCancer,Moles,Benign_tumors,Acne"
data/SkinDisease/SkinDisease/test/Benign_tumors/skin-tags-polyps-57.jpeg,Benign_tumors,Moles,0.8736475110054016,False,"Moles,Benign_tumors,Lichen,Sun_Sunlight_Damage,Warts"
data/SkinDisease/SkinDisease/test/Benign_tumors/skin-tags-polyps-72.jpeg,Benign_tumors,Benign_tumors,0.9126818180084229,True,"Benign_tumors,Vascular_Tumors,Tinea,DrugEruption,Moles"
data/SkinDisease/SkinDisease/test/Benign_tumors/skin-tags-polyps-88.jpeg,Benign_tumors,Benign_tumors,0.995060384273529,True,"Benign_tumors,Moles,Vascular_Tumors,Seborrh_Keratoses,Warts"
data/SkinDisease/SkinDisease/test/Benign_tumors/skin-tags-polyps-95.jpeg,Benign_tumors,Benign_tumors,0.7349138259887695,True,"Benign_tumors,Moles,Infestations_Bites,Sun_Sunlight_Damage,Unknown_Normal"
data/SkinDisease/SkinDisease/test/Benign_tumors/spiny-keratoderma-6.jpeg,Benign_tumors,Benign_tumors,0.9423823356628418,True,"Benign_tumors,Moles,Seborrh_Keratoses,Lichen,Sun_Sunlight_Damage"
data/SkinDisease/SkinDisease/test/Benign_tumors/syringoma-34.jpeg,Benign_tumors,Benign_tumors,0.9613305926322937,True,"Benign_tumors,Vascular_Tumors,Vasculitis,Eczema,Lichen"
data/SkinDisease/SkinDisease/test/Benign_tumors/syringoma-37.jpeg,Benign_tumors,Benign_tumors,0.9869361519813538,True,"Benign_tumors,Lichen,SkinCancer,Seborrh_Keratoses,Moles"
data/SkinDisease/SkinDisease/test/Benign_tumors/syringoma-41.jpeg,Benign_tumors,Benign_tumors,0.9996969699859619,True,"Benign_tumors,SkinCancer,Actinic_Keratosis,Vascular_Tumors,Acne"
data/SkinDisease/SkinDisease/test/Benign_tumors/syringoma-43.jpeg,Benign_tumors,Benign_tumors,0.9993674159049988,True,"Benign_tumors,Vasculitis,Sun_Sunlight_Damage,Lichen,Acne"
data/SkinDisease/SkinDisease/test/Benign_tumors/trichofolliculoma-4.jpeg,Benign_tumors,Benign_tumors,0.8512352705001831,True,"Benign_tumors,Tinea,Acne,Sun_Sunlight_Damage,Infestations_Bites"
data/SkinDisease/SkinDisease/test/Bullous/648x364_Pemphigoid.jpeg,Bullous,Bullous,0.8137130737304688,True,"Bullous,Lichen,Infestations_Bites,Lupus,DrugEruption"
data/SkinDisease/SkinDisease/test/Bullous/BP-pre_3_2615addf7111d83624b7a7a5f3466fb3.jpeg,Bullous,DrugEruption,0.501720666885376,False,"DrugEruption,Bullous,Lupus,Vitiligo,Vasculitis"
data/SkinDisease/SkinDisease/test/Bullous/bullous-pemphigoid-104.jpeg,Bullous,Vasculitis,0.9777507781982422,False,"Vasculitis,Infestations_Bites,Bullous,SkinCancer,Psoriasis"
data/SkinDisease/SkinDisease/test/Bullous/bullous-pemphigoid-16.jpeg,Bullous,Bullous,0.9999715089797974,True,"Bullous,Psoriasis,DrugEruption,Vasculitis,SkinCancer"
data/SkinDisease/SkinDisease/test/Bullous/bullous-pemphigoid-21.jpeg,Bullous,Bullous,0.9998008608818054,True,"Bullous,Vasculitis,DrugEruption,Psoriasis,Eczema"
data/SkinDisease/SkinDisease/test/Bullous/bullous-pemphigoid-31.jpeg,Bullous,Bullous,0.9794894456863403,True,"Bullous,Vasculitis,Eczema,Actinic_Keratosis,Psoriasis"
data/SkinDisease/SkinDisease/test/Bullous/bullous-pemphigoid-32.jpeg,Bullous,Bullous,0.7596991658210754,True,"Bullous,Warts,Lichen,Tinea,Vascular_Tumors"
data/SkinDisease/SkinDisease/test/Bullous/bullous-pemphigoid-33.jpeg,Bullous,Eczema,0.9373239874839783,False,"Eczema,Sun_Sunlight_Damage,Acne,Vasculitis,Seborrh_Keratoses"
data/SkinDisease/SkinDisease/test/Bullous/bullous-pemphigoid-34.jpeg,Bullous,Lichen,0.6984279155731201,False,"Lichen,Tinea,DrugEruption,Vitiligo,Bullous"
data/SkinDisease/SkinDisease/test/Bullous/bullous-pemphigoid-41.jpeg,Bullous,Bullous,0.4344314932823181,True,"Bullous,SkinCancer,Benign_tumors,Psoriasis,Vascular_Tumors"
data/SkinDisease/SkinDisease/test/Bullous/bullous-pemphigoid-50.jpeg,Bullous,Bullous,0.9992765784263611,True,"Bullous,Psoriasis,Warts,DrugEruption,Actinic_Keratosis"
data/SkinDisease/SkinDisease/test/Bullous/bullous-pemphigoid-52.jpeg,Bullous,Bullous,0.9997944235801697,True,"Bullous,DrugEruption,Actinic_Keratosis,Lichen,Vasculitis"
data/SkinDisease/SkinDisease/test/Bullous/bullous-pemphigoid-57.jpeg,Bullous,Bullous,0.9997542500495911,True,"Bullous,Vasculitis,Infestations_Bites,Lichen,Warts"
data/SkinDisease/SkinDisease/test/Bullous/bullous-pemphigoid-65.jpeg,Bullous,Vascular_Tumors,0.7145019173622131,False,"Vascular_Tumors,Benign_tumors,Psoriasis,Seborrh_Keratoses,Moles"
data/SkinDisease/SkinDisease/test/Bullous/bullous-pemphigoid-74.jpeg,Bullous,Bullous,0.9997873902320862,True,"Bullous,Warts,DrugEruption,Lichen,Vascular_Tumors"
data/SkinDisease/SkinDisease/test/Bullous/bullous-pemphigoid-78.jpeg,Bullous,Bullous,0.5862563252449036,True,"Bullous,Psoriasis,Tinea,DrugEruption,Lichen"
data/SkinDisease/SkinDisease/test/Bullous/bullous-pemphigoid-85.jpeg,Bullous,Bullous,0.8628876209259033,True,"Bullous,Warts,Tinea,Candidiasis,Lupus"
data/SkinDisease/SkinDisease/test/Bullous/bullous-pemphigoid-97.jpeg,Bullous,Bullous,0.49895820021629333,True,"Bullous,Infestations_Bites,Benign_tumors,Moles,Vascular_Tumors"
data/SkinDisease/SkinDisease/test/Bullous/dermatitis-herpetiformis-16.jpeg,Bullous,Bullous,0.7356060743331909,True,"Bullous,Vasculitis,Tinea,Infestations_Bites,Warts"
data/SkinDisease/SkinDisease/test/Bullous/dermatitis-herpetiformis-24.jpeg,Bullous,Vasculitis,0.4845711588859558,False,"Vasculitis,Lichen,DrugEruption,Vascular_Tumors,Bullous"
data/SkinDisease/SkinDisease/test/Bullous/dermatitis-herpetiformis-35.jpeg,Bullous,Bullous,0.5758102536201477,True,"Bullous,Vascular_Tumors,Infestations_Bites,Vasculitis,Benign_tumors"
data/SkinDisease/SkinDisease/test/Bullous/dermatitis-herpetiformis-49.jpeg,Bullous,Bullous,0.9999955892562866,True,"Bullous,Vasculitis,DrugEruption,Infestations_Bites,Lichen"
data/SkinDisease/SkinDisease/test/Bullous/dermatitis-herpetiformis-51.jpeg,Bullous,Infestations_Bites,0.9470736384391785,False,"Infestations_Bites,Sun_Sunlight_Damage,DrugEruption,Vasculitis,Benign_tumors"
data/SkinDisease/SkinDisease/test/Bullous/dermatitis-herpetiformis-56.jpeg,Bullous,Vasculitis,0.9749293327331543,False,"Vasculitis,Vascular_Tumors,Infestations_Bites,DrugEruption,Sun_Sunlight_Damage"
data/SkinDisease/SkinDisease/test/Bullous/dermatitis-herpetiformis-58.jpeg,Bullous,Infestations_Bites,0.996222972869873,False,"Infestations_Bites,Vasculitis,Bullous,Benign_tumors,Lichen"
data/SkinDisease/SkinDisease/test/Bullous/dermatitis-herpetiformis-63.jpeg,Bullous,Bullous,0.9987086057662964,True,"Bullous,Vasculitis,DrugEruption,Benign_tumors,Vascular_Tumors"
data/SkinDisease/SkinDisease/test/Bullous/dermatitis-herpetiformis-98.jpeg,Bullous,Infestations_Bites,0.9646158218383789,False,"Infestations_Bites,Psoriasis,Eczema,SkinCancer,Vascular_Tumors"
data/SkinDisease/SkinDisease/test/Bullous/diabetic-bullae-10.jpeg,Bullous,Bullous,0.6599621772766113,True,"Bullous,Vasculitis,Lichen,Benign_tumors,Infestations_Bites"
data/SkinDisease/SkinDisease/test/Bullous/diabetic-bullae-13.jpeg,Bullous,Vascular_Tumors,0.9561701416969299,False,"Vascular_Tumors,SkinCancer,Vasculitis,Warts,Eczema"
data/SkinDisease/SkinDisease/test/Bullous/diabetic-bullae-9.jpeg,Bullous,Bullous,0.999824583530426,True,"Bullous,DrugEruption,Warts,Vasculitis,Infestations_Bites"
data/SkinDisease/SkinDisease/test/Bullous/epidermolysis-bullosa-39.jpeg,Bullous,Bullous,0.5892781019210815,True,"Bullous,Infestations_Bites,Vasculitis,DrugEruption,Vitiligo"
data/SkinDisease/SkinDisease/test/Bullous/epidermolysis-bullosa-41.jpeg,Bullous,Tinea,0.5115311741828918,False,"Tinea,Bullous,DrugEruption,Candidiasis,Vasculitis"
data/SkinDisease/SkinDisease/test/Bullous/epidermolysis-bullosa-6.jpeg,Bullous,Benign_tumors,0.9338040351867676,False,"Benign_tumors,Moles,SkinCancer,Bullous,Lupus"
data/SkinDisease/SkinDisease/test/Bullous/image17.jpeg,Bullous,Bullous,0.9997485280036926,True,"Bullous,Actinic_Keratosis,DrugEruption,Vitiligo,Infestations_Bites"
data/SkinDisease/SkinDisease/test/Bullous/image4.jpeg,Bullous,Bullous,0.9993318915367126,True,"Bullous,DrugEruption,Lichen,Actinic_Keratosis,Psoriasis"
data/SkinDisease/SkinDisease/test/Bullous/image6.jpeg,Bullous,Bullous,0.9915653467178345,True,"Bullous,Infestations_Bites,Actinic_Keratosis,DrugEruption,Lichen"
data/SkinDisease/SkinDisease/test/Bullous/images.jpeg,Bullous,Bullous,0.9505617618560791,True,"Bullous,Infestations_Bites,Lichen,DrugEruption,Actinic_Keratosis"
data/SkinDisease/SkinDisease/test/Bullous/images112.jpeg,Bullous,Actinic_Keratosis,0.8798278570175171,False,"Actinic_Keratosis,DrugEruption,Bullous,Lichen,Sun_Sunlight_Damage"
data/SkinDisease/SkinDisease/test/Bullous/images125.jpeg,Bullous,DrugEruption,0.9277331829071045,False,"DrugEruption,Bullous,Vitiligo,Lichen,Actinic_Keratosis"
data/SkinDisease/SkinDisease/test/Bullous/images130.jpeg,Bullous,Bullous,0.9999817609786987,True,"Bullous,DrugEruption,Actinic_Keratosis,Lichen,Infestations_Bites"
data/SkinDisease/SkinDisease/test/Bullous/images137.jpeg,Bullous,Bullous,0.9962213039398193,True,"Bullous,Actinic_Keratosis,Unknown_Normal,DrugEruption,Lichen"
data/SkinDisease/SkinDisease/test/Bullous/images183.jpeg,Bullous,DrugEruption,0.9713547825813293,False,"DrugEruption,Bullous,Infestations_Bites,Tinea,Vitiligo"
data/SkinDisease/SkinDisease/test/Bullous/images2.jpeg,Bullous,Bullous,0.7422314286231995,True,"Bullous,Psoriasis,DrugEruption,Lichen,Eczema"
data/SkinDisease/SkinDisease/test/Bullous/images241.jpeg,Bullous,Bullous,0.9999774694442749,True,"Bullous,DrugEruption,Actinic_Keratosis,Lichen,Vasculitis"
data/SkinDisease/SkinDisease/test/Bullous/images246.jpeg,Bullous,Bullous,0.9950721859931946,True,"Bullous,Actinic_Keratosis,DrugEruption,Acne,Lichen"
data/SkinDisease/SkinDisease/test/Bullous/images289.jpeg,Bullous,Bullous,0.9987004995346069,True,"Bullous,DrugEruption,Infestations_Bites,Actinic_Keratosis,Psoriasis"
data/SkinDisease/SkinDisease/test/Bullous/images294.jpeg,Bullous,Bullous,0.709391176700592,True,"Bullous,Actinic_Keratosis,DrugEruption,Vascular_Tumors,Warts"
data/SkinDisease/SkinDisease/test/Bullous/images360.jpeg,Bullous,Bullous,0.9997534155845642,True,"Bullous,Lupus,DrugEruption,Actinic_Keratosis,Psoriasis"
data/SkinDisease/SkinDisease/test/Bullous/images376.jpeg,Bullous,Bullous,0.9997701048851013,True,"Bullous,DrugEruption,Actinic_Keratosis,SkinCancer,Infestations_Bites"
data/SkinDisease/SkinDisease/test/Bullous/images397.jpeg,Bullous,Bullous,0.9917761087417603,True,"Bullous,DrugEruption,Actinic_Keratosis,Acne,Infestations_Bites"
data/SkinDisease/SkinDisease/test/Bullous/images45.jpeg,Bullous,Bullous,0.9994298815727234,True,"Bullous,DrugEruption,Vasculitis,Actinic_Keratosis,Lichen"
data/SkinDisease/SkinDisease/test/Bullous/images55.jpeg,Bullous,Bullous,0.9999967813491821,True,"Bullous,DrugEruption,Vasculitis,Lichen,Psoriasis"
data/SkinDisease/SkinDisease/test/Bullous/images67.jpeg,Bullous,Bullous,0.858173131942749,True,"Bullous,DrugEruption,Vasculitis,Lichen,Vitiligo"
data/SkinDisease/SkinDisease/test/Bullous/images81.jpeg,Bullous,Vasculitis,0.5366623401641846,False,"Vasculitis,Bullous,Unknown_Normal,Vitiligo,DrugEruption"
data/SkinDisease/SkinDisease/test/Bullous/p1861-f4.jpeg,Bullous,Bullous,0.9980688691139221,True,"Bullous,Infestations_Bites,Vasculitis,DrugEruption,Lichen"
data/SkinDisease/SkinDisease/test/Candidiasis/1269__ProtectWyJQcm90ZWN0Il0_FocusFillWzI5NCwyMjIsInkiLDg1XQ.jpeg,Candidiasis,Actinic_Keratosis,0.4240940809249878,False,"Actinic_Keratosis,Tinea,Candidiasis,Lichen,Acne"
data/SkinDisease/SkinDisease/test/Candidiasis/1282-big__ProtectWyJQcm90ZWN0Il0_FocusFillWzI5NCwyMjIsIngiLDFd.jpeg,Candidiasis,Actinic_Keratosis,0.8959928154945374,False,"Actinic_Keratosis,Rosacea,Candidiasis,DrugEruption,Infestations_Bites"
data/SkinDisease/SkinDisease/test/Candidiasis/1308__ProtectWyJQcm90ZWN0Il0_FocusFillWzI5NCwyMjIsIngiLDFd.jpeg,Candidiasis,Candidiasis,0.99608314037323,True,"Candidiasis,Lichen,Benign_tumors,Psoriasis,Vasculitis"
data/SkinDisease/SkinDisease/test/Candidiasis/13candidaGranuloma9653-GP3.jpeg,Candidiasis,Benign_tumors,0.6588655710220337,False,"Benign_tumors,Lichen,Bullous,Vitiligo,Unknown_Normal"
data/SkinDisease/SkinDisease/test/Candidiasis/candida-penis-20.jpeg,Candidiasis,Candidiasis,0.9998980760574341,True,"Candidiasis,Eczema,Tinea,Psoriasis,Warts"
data/SkinDisease/SkinDisease/test/Candidiasis/candida-penis-22.jpeg,Candidiasis,Candidiasis,0.999944806098938,True,"Candidiasis,Psoriasis,Tinea,Warts,DrugEruption"
data/SkinDisease/SkinDisease/test/Candidiasis/candida-penis-27.jpeg,Candidiasis,Candidiasis,0.8774552941322327,True,"Candidiasis,Warts,Bullous,Lichen,Tinea"
data/SkinDisease/SkinDisease/test/Candidiasis/candida-penis-3.jpeg,Candidiasis,Candidiasis,0.9570630788803101,True,"Candidiasis,Vascular_Tumors,Warts,Lichen,Benign_tumors"
data/SkinDisease/SkinDisease/test/Candidiasis/candida-penis-37.jpeg,Candidiasis,Candidiasis,0.9985993504524231,True,"Candidiasis,Eczema,Warts,Psoriasis,Vascular_Tumors"
data/SkinDisease/SkinDisease/test/Candidiasis/candida-penis-50.jpeg,Candidiasis,Candidiasis,0.9999721050262451,True,"Candidiasis,Lichen,Tinea,Psoriasis,DrugEruption"
data/SkinDisease/SkinDisease/test/Candidiasis/candidiasis-diaper-7.jpeg,Candidiasis,Psoriasis,0.5443760752677917,False,"Psoriasis,Rosacea,Candidiasis,Bullous,Acne"
data/SkinDisease/SkinDisease/test/Candidiasis/candidiasis-large-skin-folds-128.jpeg,Candidiasis,Candidiasis,0.9880289435386658,True,"Candidiasis,Benign_tumors,Tinea,Lichen,Psoriasis"
data/SkinDisease/SkinDisease/test/Candidiasis/candidiasis-large-skin-folds-137.jpeg,Candidiasis,Candidiasis,0.9985719919204712,True,"Candidiasis,Psoriasis,Tinea,Lichen,Bullous"
data/SkinDisease/SkinDisease/test/Candidiasis/candidiasis-large-skin-folds-153.jpeg,Candidiasis,Candidiasis,0.9998714923858643,True,"Candidiasis,Lichen,Tinea,Psoriasis,Warts"
data/SkinDisease/SkinDisease/test/Candidiasis/candidiasis-large-skin-folds-154.jpeg,Candidiasis,Candidiasis,0.9999661445617676,True,"Candidiasis,Psoriasis,Lichen,Tinea,Warts"
data/SkinDisease/SkinDisease/test/Candidiasis/candidiasis-large-skin-folds-168.jpeg,Candidiasis,Candidiasis,0.9965534210205078,True,"Candidiasis,Vascular_Tumors,Tinea,Benign_tumors,Lichen"
data/SkinDisease/SkinDisease/test/Candidiasis/candidiasis-large-skin-folds-169.jpeg,Candidiasis,Candidiasis,0.9997653365135193,True,"Candidiasis,Tinea,Psoriasis,Vascular_Tumors,Eczema"
data/SkinDisease/SkinDisease/test/Candidiasis/candidiasis-large-skin-folds-172.jpeg,Candidiasis,Candidiasis,0.9712164402008057,True,"Candidiasis,Tinea,Warts,Psoriasis,Benign_tumors"
data/SkinDisease/SkinDisease/test/Candidiasis/candidiasis-large-skin-folds-18.jpeg,Candidiasis,Candidiasis,0.9940411448478699,True,"Candidiasis,Tinea,Vascular_Tumors,Bullous,Psoriasis"
data/SkinDisease/SkinDisease/test/Candidiasis/candidiasis-large-skin-folds-184.jpeg,Candidiasis,Candidiasis,0.9999834299087524,True,"Candidiasis,Tinea,Lichen,Psoriasis,Eczema"
data/SkinDisease/SkinDisease/test/Candidiasis/candidiasis-large-skin-folds-86.jpeg,Candidiasis,Candidiasis,0.9945448637008667,True,"Candidiasis,Vascular_Tumors,Psoriasis,Lichen,Tinea"
data/SkinDisease/SkinDisease/test/Candidiasis/candidiasis-large-skin-folds-97.jpeg,Candidiasis,Candidiasis,0.905215859413147,True,"Candidiasis,Tinea,Eczema,Psoriasis,Vascular_Tumors"
data/SkinDisease/SkinDisease/test/Candidiasis/candidiasis-mouth-1.jpeg,Candidiasis,Warts,0.5039371252059937,False,"Warts,Vascular_Tumors,Candidiasis,Benign_tumors,Eczema"
data/SkinDisease/SkinDisease/test/Candidiasis/candidiasis-mouth-12.jpeg,Candidiasis,Lichen,0.9616718888282776,False,"Lichen,Candidiasis,Psoriasis,Tinea,Eczema"
data/SkinDisease/SkinDisease/test/Candidiasis/candidiasis-mouth-5.jpeg,Candidiasis,Sun_Sunlight_Damage,0.2738281190395355,False,"Sun_Sunlight_Damage,Rosacea,Candidiasis,Psoriasis,Benign_tumors"
data/SkinDisease/SkinDisease/test/Candidiasis/candidiasis-mouth-8.jpeg,Candidiasis,Candidiasis,0.9469347596168518,True,"Candidiasis,Tinea,Actinic_Keratosis,Vascular_Tumors,Lichen"
data/SkinDisease/SkinDisease/test/Candidiasis/candidiasis-vaginal-2.jpeg,Candidiasis,Lichen,0.5796250104904175,False,"Lichen,Candidiasis,Psoriasis,Benign_tumors,Tinea"
data/SkinDisease/SkinDisease/test/DrugEruption/1-s2.0-S0738081X19301816-gr11.jpeg,DrugEruption,Lupus,0.24514104425907135,False,"Lupus,Seborrh_Keratoses,Tinea,Benign_tumors,DrugEruption"
data/SkinDisease/SkinDisease/test/DrugEruption/10.1177_0960327111412804-fig1.jpeg,DrugEruption,DrugEruption,0.9594526886940002,True,"DrugEruption,SkinCancer,Unknown_Normal,Eczema,Infestations_Bites"
data/SkinDisease/SkinDisease/test/DrugEruption/Drug-Eruptions.jpeg,DrugEruption,DrugEruption,0.999220609664917,True,"DrugEruption,Actinic_Keratosis,Lichen,Lupus,Psoriasis"
data/SkinDisease/SkinDisease/test/DrugEruption/F1.large.jpeg,DrugEruption,DrugEruption,0.9998648166656494,True,"DrugEruption,Actinic_Keratosis,Lichen,Infestations_Bites,Candidiasis"
data/SkinDisease/SkinDisease/test/DrugEruption/drug-eruption-photosensitivity-1.jpeg,DrugEruption,DrugEruption,0.9998695850372314,True,"DrugEruption,Vasculitis,Sun_Sunlight_Damage,Bullous,Lupus"
data/SkinDisease/SkinDisease/test/DrugEruption/drug-eruption-photosensitivity-14.jpeg,DrugEruption,Sun_Sunlight_Damage,0.6455161571502686,False,"Sun_Sunlight_Damage,Eczema,Rosacea,Actinic_Keratosis,Tinea"
data/SkinDisease/SkinDisease/test/DrugEruption/drug-eruptions-1.jpeg,DrugEruption,Seborrh_Keratoses,0.9975470900535583,False,"Seborrh_Keratoses,Eczema,Benign_tumors,SkinCancer,Bullous"
data/SkinDisease/SkinDisease/test/DrugEruption/drug-eruptions-10.jpeg,DrugEruption,SkinCancer,0.3409842550754547,False,"SkinCancer,DrugEruption,Eczema,Sun_Sunlight_Damage,Tinea"
data/SkinDisease/SkinDisease/test/DrugEruption/drug-eruptions-106.jpeg,DrugEruption,DrugEruption,0.36801856756210327,True,"DrugEruption,Psoriasis,Vasculitis,SkinCancer,Lupus"
data/SkinDisease/SkinDisease/test/DrugEruption/drug-eruptions-12.jpeg,DrugEruption,DrugEruption,0.5949474573135376,True,"DrugEruption,Vasculitis,Tinea,Lichen,Bullous"
data/SkinDisease/SkinDisease/test/DrugEruption/drug-eruptions-31.jpeg,DrugEruption,DrugEruption,0.9997710585594177,True,"DrugEruption,Infestations_Bites,Vasculitis,Bullous,Tinea"
data/SkinDisease/SkinDisease/test/DrugEruption/drug-eruptions-36.jpeg,DrugEruption,DrugEruption,0.9796022176742554,True,"DrugEruption,Vasculitis,Lichen,Infestations_Bites,Psoriasis"
data/SkinDisease/SkinDisease/test/DrugEruption/drug-eruptions-53.jpeg,DrugEruption,DrugEruption,0.9989603757858276,True,"DrugEruption,Bullous,Rosacea,Actinic_Keratosis,Acne"
data/SkinDisease/SkinDisease/test/DrugEruption/drug-eruptions-60.jpeg,DrugEruption,Vascular_Tumors,0.4765087068080902,False,"Vascular_Tumors,Candidiasis,Bullous,Eczema,Vasculitis"
data/SkinDisease/SkinDisease/test/DrugEruption/drug-eruptions-96.jpeg,DrugEruption,DrugEruption,0.9994482398033142,True,"DrugEruption,Psoriasis,Tinea,Sun_Sunlight_Damage,Vascular_Tumors"
data/SkinDisease/SkinDisease/test/DrugEruption/drug-rash3.jpeg,DrugEruption,Acne,0.6795856356620789,False,"Acne,Eczema,Vasculitis,DrugEruption,Lupus"
data/SkinDisease/SkinDisease/test/DrugEruption/drugEruptionPediatric_19743_lg.jpeg,DrugEruption,DrugEruption,0.8442695140838623,True,"DrugEruption,Lupus,Eczema,Vasculitis,Psoriasis"
data/SkinDisease/SkinDisease/test/DrugEruption/drugEruption_442_lg.jpeg,DrugEruption,DrugEruption,0.9119618535041809,True,"DrugEruption,Lupus,Psoriasis,Rosacea,Bullous"
data/SkinDisease/SkinDisease/test/DrugEruption/fde-nsaid__ProtectWyJQcm90ZWN0Il0_FocusFillWzI5NCwyMjIsIngiLDFd.jpeg,DrugEruption,Moles,0.908208429813385,False,"Moles,DrugEruption,Infestations_Bites,Sun_Sunlight_Damage,Actinic_Keratosis"
data/SkinDisease/SkinDisease/test/DrugEruption/fixed-drug-eruption-11.jpeg,DrugEruption,Vascular_Tumors,0.7258495092391968,False,"Vascular_Tumors,Moles,SkinCancer,Lichen,Benign_tumors"
data/SkinDisease/SkinDisease/test/DrugEruption/fixed-drug-eruption-15.jpeg,DrugEruption,Infestations_Bites,0.5068724751472473,False,"Infestations_Bites,Bullous,DrugEruption,Vasculitis,SkinCancer"
data/SkinDisease/SkinDisease/test/DrugEruption/fixed-drug-eruption-2.jpeg,DrugEruption,Vasculitis,0.9973491430282593,False,"Vasculitis,Infestations_Bites,Lichen,Psoriasis,Eczema"
data/SkinDisease/SkinDisease/test/DrugEruption/fixed-drug-eruption-34.jpeg,DrugEruption,Vasculitis,0.5265279412269592,False,"Vasculitis,Eczema,DrugEruption,Tinea,Psoriasis"
data/SkinDisease/SkinDisease/test/DrugEruption/fixed-drug-eruption-43.jpeg,DrugEruption,DrugEruption,0.5070522427558899,True,"DrugEruption,Vasculitis,Tinea,Lichen,Eczema"
data/SkinDisease/SkinDisease/test/DrugEruption/fixed-drug-eruption-55.jpeg,DrugEruption,Vasculitis,0.42731165885925293,False,"Vasculitis,Vascular_Tumors,Benign_tumors,Tinea,Eczema"
data/SkinDisease/SkinDisease/test/DrugEruption/image16.jpeg,DrugEruption,DrugEruption,0.9995920062065125,True,"DrugEruption,Bullous,Actinic_Keratosis,Lichen,Infestations_Bites"
data/SkinDisease/SkinDisease/test/DrugEruption/image26.jpeg,DrugEruption,DrugEruption,0.9998944997787476,True,"DrugEruption,Bullous,Actinic_Keratosis,Vitiligo,Unknown_Normal"
data/SkinDisease/SkinDisease/test/DrugEruption/image29.jpeg,DrugEruption,DrugEruption,0.9352337121963501,True,"DrugEruption,Bullous,Actinic_Keratosis,Vasculitis,Lichen"
data/SkinDisease/SkinDisease/test/DrugEruption/images100.jpeg,DrugEruption,DrugEruption,0.9951533079147339,True,"DrugEruption,Unknown_Normal,Actinic_Keratosis,Infestations_Bites,Bullous"
data/SkinDisease/SkinDisease/test/DrugEruption/images11.jpeg,DrugEruption,Bullous,0.9960687160491943,False,"Bullous,DrugEruption,Vasculitis,Vitiligo,Psoriasis"
data/SkinDisease/SkinDisease/test/DrugEruption/images114.jpeg,DrugEruption,DrugEruption,0.9907472133636475,True,"DrugEruption,Vitiligo,Bullous,Actinic_Keratosis,Lichen"
data/SkinDisease/SkinDisease/test/DrugEruption/images126.jpeg,DrugEruption,DrugEruption,0.9999765157699585,True,"DrugEruption,Bullous,Actinic_Keratosis,Lichen,Vasculitis"
data/SkinDisease/SkinDisease/test/DrugEruption/images13.jpeg,DrugEruption,Actinic_Keratosis,0.5739330649375916,False,"Actinic_Keratosis,Bullous,DrugEruption,Psoriasis,Seborrh_Keratoses"
data/SkinDisease/SkinDisease/test/DrugEruption/images136.jpeg,DrugEruption,DrugEruption,0.9903984069824219,True,"DrugEruption,Bullous,Actinic_Keratosis,Lichen,Infestations_Bites"
data/SkinDisease/SkinDisease/test/DrugEruption/images14.jpeg,DrugEruption,DrugEruption,0.9686999320983887,True,"DrugEruption,Bullous,Actinic_Keratosis,Vitiligo,Lichen"
data/SkinDisease/SkinDisease/test/DrugEruption/images172.jpeg,DrugEruption,DrugEruption,0.47070515155792236,True,"DrugEruption,Vitiligo,Bullous,Actinic_Keratosis,Lichen"
data/SkinDisease/SkinDisease/test/DrugEruption/images173.jpeg,DrugEruption,DrugEruption,0.7319374084472656,True,"DrugEruption,Infestations_Bites,Bullous,Lichen,Unknown_Normal"
data/SkinDisease/SkinDisease/test/DrugEruption/images180.jpeg,DrugEruption,DrugEruption,0.9043360948562622,True,"DrugEruption,Bullous,Vitiligo,Lichen,Actinic_Keratosis"
data/SkinDisease/SkinDisease/test/DrugEruption/images193.jpeg,DrugEruption,DrugEruption,0.9534440040588379,True,"DrugEruption,Vitiligo,Unknown_Normal,Lichen,Bullous"
data/SkinDisease/SkinDisease/test/DrugEruption/images205.jpeg,DrugEruption,DrugEruption,0.9559081196784973,True,"DrugEruption,Bullous,SkinCancer,Vitiligo,Actinic_Keratosis"
data/SkinDisease/SkinDisease/test/DrugEruption/images226.jpeg,DrugEruption,DrugEruption,0.9999264478683472,True,"DrugEruption,Lichen,Actinic_Keratosis,Bullous,Vitiligo"
data/SkinDisease/SkinDisease/test/DrugEruption/images231.jpeg,DrugEruption,DrugEruption,0.6806516647338867,True,"DrugEruption,Bullous,Actinic_Keratosis,Seborrh_Keratoses,Vitiligo"
data/SkinDisease/SkinDisease/test/DrugEruption/images234.jpeg,DrugEruption,DrugEruption,0.7997129559516907,True,"DrugEruption,Vitiligo,Actinic_Keratosis,Lichen,Unknown_Normal"
data/SkinDisease/SkinDisease/test/DrugEruption/images247.jpeg,DrugEruption,DrugEruption,0.9999920129776001,True,"DrugEruption,Actinic_Keratosis,Lichen,Infestations_Bites,Vitiligo"
data/SkinDisease/SkinDisease/test/DrugEruption/images258.jpeg,DrugEruption,DrugEruption,0.9874719977378845,True,"DrugEruption,Actinic_Keratosis,Infestations_Bites,Bullous,Unknown_Normal"
data/SkinDisease/SkinDisease/test/DrugEruption/images272.jpeg,DrugEruption,DrugEruption,0.8912693858146667,True,"DrugEruption,Infestations_Bites,Unknown_Normal,Actinic_Keratosis,Bullous"
data/SkinDisease/SkinDisease/test/DrugEruption/images274.jpeg,DrugEruption,DrugEruption,0.9967918992042542,True,"DrugEruption,Bullous,Lichen,Actinic_Keratosis,Vasculitis"
data/SkinDisease/SkinDisease/test/DrugEruption/images275.jpeg,DrugEruption,Actinic_Keratosis,0.581501305103302,False,"Actinic_Keratosis,DrugEruption,Bullous,Infestations_Bites,Lichen"
data/SkinDisease/SkinDisease/test/DrugEruption/images291.jpeg,DrugEruption,DrugEruption,0.9999850988388062,True,"DrugEruption,Bullous,Actinic_Keratosis,Vitiligo,Lichen"
data/SkinDisease/SkinDisease/test/DrugEruption/images295.jpeg,DrugEruption,DrugEruption,0.9846279621124268,True,"DrugEruption,Bullous,Actinic_Keratosis,Lichen,Unknown_Normal"
data/SkinDisease/SkinDisease/test/DrugEruption/images313.jpeg,DrugEruption,DrugEruption,0.9998202919960022,True,"DrugEruption,Actinic_Keratosis,Bullous,Unknown_Normal,Vitiligo"
data/SkinDisease/SkinDisease/test/DrugEruption/images328.jpeg,DrugEruption,DrugEruption,0.9509461522102356,True,"DrugEruption,Actinic_Keratosis,Rosacea,Bullous,Vascular_Tumors"
data/SkinDisease/SkinDisease/test/DrugEruption/images341.jpeg,DrugEruption,DrugEruption,0.9485844373703003,True,"DrugEruption,Bullous,Actinic_Keratosis,Lichen,Vasculitis"
data/SkinDisease/SkinDisease/test/DrugEruption/images343.jpeg,DrugEruption,DrugEruption,0.9255964756011963,True,"DrugEruption,Bullous,Actinic_Keratosis,Rosacea,Lupus"
data/SkinDisease/SkinDisease/test/DrugEruption/images360.jpeg,DrugEruption,Actinic_Keratosis,0.9701841473579407,False,"Actinic_Keratosis,Sun_Sunlight_Damage,DrugEruption,Rosacea,Bullous"
data/SkinDisease/SkinDisease/test/DrugEruption/images375.jpeg,DrugEruption,DrugEruption,0.9998571872711182,True,"DrugEruption,Bullous,Actinic_Keratosis,Lichen,Vitiligo"
data/SkinDisease/SkinDisease/test/DrugEruption/images55.jpeg,DrugEruption,Actinic_Keratosis,0.5067360997200012,False,"Actinic_Keratosis,Bullous,DrugEruption,Rosacea,Acne"
data/SkinDisease/SkinDisease/test/DrugEruption/images84.jpeg,DrugEruption,Actinic_Keratosis,0.37358295917510986,False,"Actinic_Keratosis,DrugEruption,Bullous,Vasculitis,Lichen"
data/SkinDisease/SkinDisease/test/DrugEruption/images92.jpeg,DrugEruption,DrugEruption,0.996742308139801,True,"DrugEruption,Actinic_Keratosis,Vitiligo,Bullous,Lichen"
data/SkinDisease/SkinDisease/test/DrugEruption/stock-photo-old-woman-with-rash-from-the-drug-allergy-786070471.jpeg,DrugEruption,DrugEruption,0.9999939203262329,True,"DrugEruption,Bullous,Sun_Sunlight_Damage,Infestations_Bites,Vasculitis"
data/SkinDisease/SkinDisease/test/DrugEruption/stock-photo-skin-rash-on-right-leg-598731464.jpeg,DrugEruption,DrugEruption,0.9965025186538696,True,"DrugEruption,Bullous,Sun_Sunlight_Damage,Actinic_Keratosis,Vitiligo"
data/SkinDisease/SkinDisease/test/Eczema/03Eczema0310.jpeg,Eczema,Eczema,0.9977668523788452,True,"Eczema,Vascular_Tumors,Vasculitis,Tinea,Infestations_Bites"
data/SkinDisease/SkinDisease/test/Eczema/05Atopic010203.jpeg,Eczema,Vascular_Tumors,0.6152816414833069,False,"Vascular_Tumors,Eczema,Vasculitis,Acne,Tinea"
data/SkinDisease/SkinDisease/test/Eczema/05Atopic020203.jpeg,Eczema,Eczema,0.9895213842391968,True,"Eczema,Vascular_Tumors,Tinea,Vasculitis,Infestations_Bites"
data/SkinDisease/SkinDisease/test/Eczema/05Atopic0712046.jpeg,Eczema,Eczema,0.9999752044677734,True,"Eczema,Tinea,Infestations_Bites,Vasculitis,Bullous"
data/SkinDisease/SkinDisease/test/Eczema/05AtopicAreola23.jpeg,Eczema,Eczema,0.9977306723594666,True,"Eczema,Vasculitis,Acne,Benign_tumors,DrugEruption"
data/SkinDisease/SkinDisease/test/Eczema/05AtopicChild101104.jpeg,Eczema,Vasculitis,0.6692042350769043,False,"Vasculitis,Eczema,Sun_Sunlight_Damage,Lupus,Tinea"
data/SkinDisease/SkinDisease/test/Eczema/05AtopicDerm0419044.jpeg,Eczema,Eczema,0.48143869638442993,True,"Eczema,Psoriasis,Tinea,DrugEruption,Candidiasis"
data/SkinDisease/SkinDisease/test/Eczema/05AtopicFeet.jpeg,Eczema,Eczema,0.9942218661308289,True,"Eczema,Tinea,Vasculitis,Psoriasis,Infestations_Bites"
data/SkinDisease/SkinDisease/test/Eczema/05AtopicPop.jpeg,Eczema,Eczema,0.9997527003288269,True,"Eczema,Vasculitis,Tinea,Sun_Sunlight_Damage,Psoriasis"
data/SkinDisease/SkinDisease/test/Eczema/05atopic011005323.jpeg,Eczema,Eczema,0.6989637017250061,True,"Eczema,Acne,Tinea,Rosacea,Vascular_Tumors"
data/SkinDisease/SkinDisease/test/Eczema/05atopic0124052.jpeg,Eczema,Eczema,0.9983270764350891,True,"Eczema,Vascular_Tumors,DrugEruption,Rosacea,Acne"
data/SkinDisease/SkinDisease/test/Eczema/05atopic0411055.jpeg,Eczema,Eczema,0.9972007274627686,True,"Eczema,Sun_Sunlight_Damage,Seborrh_Keratoses,Warts,Vascular_Tumors"
data/SkinDisease/SkinDisease/test/Eczema/05atopic060704.jpeg,Eczema,Eczema,0.7867041826248169,True,"Eczema,Vasculitis,Psoriasis,Infestations_Bites,DrugEruption"
data/SkinDisease/SkinDisease/test/Eczema/05atopicDerm040405ok1.jpeg,Eczema,Eczema,0.9971664547920227,True,"Eczema,DrugEruption,Psoriasis,Tinea,Unknown_Normal"
data/SkinDisease/SkinDisease/test/Eczema/05atopicInfection67-GP3.jpeg,Eczema,DrugEruption,0.30833229422569275,False,"DrugEruption,Eczema,Bullous,Vasculitis,Vitiligo"
data/SkinDisease/SkinDisease/test/Eczema/3Eczema3-021.jpeg,Eczema,Eczema,0.9905439615249634,True,"Eczema,Vasculitis,DrugEruption,Tinea,Vascular_Tumors"
data/SkinDisease/SkinDisease/test/Eczema/3Eczema3-022.jpeg,Eczema,Eczema,0.9375323057174683,True,"Eczema,Vascular_Tumors,DrugEruption,Lupus,Rosacea"
data/SkinDisease/SkinDisease/test/Eczema/eczema-acute-1.jpeg,Eczema,Eczema,0.9852961897850037,True,"Eczema,Actinic_Keratosis,Psoriasis,Tinea,Bullous"
data/SkinDisease/SkinDisease/test/Eczema/eczema-acute-23.jpeg,Eczema,Eczema,0.9994809031486511,True,"Eczema,Psoriasis,Sun_Sunlight_Damage,Tinea,Acne"
data/SkinDisease/SkinDisease/test/Eczema/eczema-areola-13.jpeg,Eczema,Eczema,0.9999939203262329,True,"Eczema,Psoriasis,Tinea,Sun_Sunlight_Damage,Bullous"
data/SkinDisease/SkinDisease/test/Eczema/eczema-areola-17.jpeg,Eczema,Eczema,0.9999741315841675,True,"Eczema,Vasculitis,Tinea,Psoriasis,DrugEruption"
data/SkinDisease/SkinDisease/test/Eczema/eczema-areola-6.jpeg,Eczema,Benign_tumors,0.8853380084037781,False,"Benign_tumors,Moles,Eczema,SkinCancer,Seborrh_Keratoses"
data/SkinDisease/SkinDisease/test/Eczema/eczema-arms-7.jpeg,Eczema,Eczema,0.9987363219261169,True,"Eczema,Vasculitis,Psoriasis,Infestations_Bites,Vascular_Tumors"
data/SkinDisease/SkinDisease/test/Eczema/eczema-asteatotic-1.jpeg,Eczema,Eczema,0.9997921586036682,True,"Eczema,Vasculitis,Sun_Sunlight_Damage,Tinea,Psoriasis"
data/SkinDisease/SkinDisease/test/Eczema/eczema-chronic-1.jpeg,Eczema,Tinea,0.5426323413848877,False,"Tinea,Eczema,Psoriasis,Sun_Sunlight_Damage,Vasculitis"
data/SkinDisease/SkinDisease/test/Eczema/eczema-chronic-6.jpeg,Eczema,Actinic_Keratosis,0.41100430488586426,False,"Actinic_Keratosis,Eczema,Rosacea,Psoriasis,Benign_tumors"
data/SkinDisease/SkinDisease/test/Eczema/eczema-chronic-7.jpeg,Eczema,Eczema,0.9440639615058899,True,"Eczema,Vasculitis,Lichen,Sun_Sunlight_Damage,Infestations_Bites"
data/SkinDisease/SkinDisease/test/Eczema/eczema-face-10.jpeg,Eczema,Eczema,0.9257680177688599,True,"Eczema,Acne,Vascular_Tumors,DrugEruption,Vasculitis"
data/SkinDisease/SkinDisease/test/Eczema/eczema-face-2.jpeg,Eczema,Eczema,0.831716775894165,True,"Eczema,Rosacea,Actinic_Keratosis,Benign_tumors,Acne"
data/SkinDisease/SkinDisease/test/Eczema/eczema-face-9.jpeg,Eczema,Rosacea,0.6264312863349915,False,"Rosacea,Eczema,DrugEruption,Acne,Vascular_Tumors"
data/SkinDisease/SkinDisease/test/Eczema/eczema-fingertips-109.jpeg,Eczema,Eczema,0.996852695941925,True,"Eczema,Psoriasis,Rosacea,Warts,Sun_Sunlight_Damage"
data/SkinDisease/SkinDisease/test/Eczema/eczema-fingertips-11.jpeg,Eczema,Eczema,0.9996132254600525,True,"Eczema,Psoriasis,Tinea,Sun_Sunlight_Damage,Warts"
data/SkinDisease/SkinDisease/test/Eczema/eczema-fingertips-128.jpeg,Eczema,Eczema,0.9953280687332153,True,"Eczema,Unknown_Normal,Psoriasis,Vascular_Tumors,Vasculitis"
data/SkinDisease/SkinDisease/test/Eczema/eczema-fingertips-142.jpeg,Eczema,Eczema,0.9981166124343872,True,"Eczema,Warts,Lichen,Psoriasis,Vasculitis"
data/SkinDisease/SkinDisease/test/Eczema/eczema-fingertips-24.jpeg,Eczema,Eczema,0.9994169473648071,True,"Eczema,Psoriasis,Infestations_Bites,Vasculitis,Lichen"
data/SkinDisease/SkinDisease/test/Eczema/eczema-fingertips-36.jpeg,Eczema,Eczema,0.9618960618972778,True,"Eczema,Vascular_Tumors,Warts,Infestations_Bites,Tinea"
data/SkinDisease/SkinDisease/test/Eczema/eczema-fingertips-38.jpeg,Eczema,Eczema,0.9999970197677612,True,"Eczema,Tinea,Psoriasis,Warts,Vasculitis"
data/SkinDisease/SkinDisease/test/Eczema/eczema-fingertips-41.jpeg,Eczema,Eczema,0.9986629486083984,True,"Eczema,Vascular_Tumors,Psoriasis,Actinic_Keratosis,Tinea"
data/SkinDisease/SkinDisease/test/Eczema/eczema-fingertips-55.jpeg,Eczema,Eczema,0.999722421169281,True,"Eczema,Psoriasis,Tinea,Vasculitis,Infestations_Bites"
data/SkinDisease/SkinDisease/test/Eczema/eczema-fingertips-58.jpeg,Eczema,Eczema,0.99998939037323,True,"Eczema,Psoriasis,Tinea,Warts,Vasculitis"
data/SkinDisease/SkinDisease/test/Eczema/eczema-fingertips-66.jpeg,Eczema,Tinea,0.8163305521011353,False,"Tinea,Eczema,Lupus,Psoriasis,Lichen"
data/SkinDisease/SkinDisease/test/Eczema/eczema-fingertips-71.jpeg,Eczema,Eczema,0.9999562501907349,True,"Eczema,Psoriasis,Candidiasis,Warts,Tinea"
data/SkinDisease/SkinDisease/test/Eczema/eczema-fingertips-80.jpeg,Eczema,Eczema,0.9924308657646179,True,"Eczema,Psoriasis,Tinea,Warts,Candidiasis"
data/SkinDisease/SkinDisease/test/Eczema/eczema-fingertips-84.jpeg,Eczema,Eczema,0.9999738931655884,True,"Eczema,Psoriasis,Warts,Tinea,Lichen"
data/SkinDisease/SkinDisease/test/Eczema/eczema-fingertips-98.jpeg,Eczema,Eczema,0.9936124682426453,True,"Eczema,Lichen,Tinea,Psoriasis,Unknown_Normal"
data/SkinDisease/SkinDisease/test/Eczema/eczema-foot-2.jpeg,Eczema,Eczema,0.7182210683822632,True,"Eczema,Bullous,Warts,Lichen,Psoriasis"
data/SkinDisease/SkinDisease/test/Eczema/eczema-foot-25.jpeg,Eczema,Eczema,0.9998409748077393,True,"Eczema,Tinea,Psoriasis,Sun_Sunlight_Damage,Vasculitis"
data/SkinDisease/SkinDisease/test/Eczema/eczema-foot-27.jpeg,Eczema,Eczema,0.5479193925857544,True,"Eczema,Vascular_Tumors,Sun_Sunlight_Damage,Tinea,Vasculitis"
data/SkinDisease/SkinDisease/test/Eczema/eczema-foot-30.jpeg,Eczema,Eczema,0.9397860169410706,True,"Eczema,Candidiasis,Psoriasis,Lichen,Tinea"
data/SkinDisease/SkinDisease/test/Eczema/eczema-foot-32.jpeg,Eczema,Eczema,0.9960998296737671,True,"Eczema,Vascular_Tumors,Vasculitis,Sun_Sunlight_Damage,Psoriasis"
data/SkinDisease/SkinDisease/test/Eczema/eczema-foot-37.jpeg,Eczema,Tinea,0.6987355351448059,False,"Tinea,Eczema,Vascular_Tumors,Vasculitis,Lichen"
data/SkinDisease/SkinDisease/test/Eczema/eczema-foot-43.jpeg,Eczema,Eczema,0.9989333748817444,True,"Eczema,Tinea,Psoriasis,Lichen,Vasculitis"
data/SkinDisease/SkinDisease/test/Eczema/eczema-foot-48.jpeg,Eczema,DrugEruption,0.6540583968162537,False,"DrugEruption,Eczema,Vasculitis,Tinea,Vascular_Tumors"
data/SkinDisease/SkinDisease/test/Eczema/eczema-foot-53.jpeg,Eczema,Eczema,0.9668904542922974,True,"Eczema,Psoriasis,Tinea,Lichen,DrugEruption"
data/SkinDisease/SkinDisease/test/Eczema/eczema-foot-56.jpeg,Eczema,Eczema,0.9536272883415222,True,"Eczema,Psoriasis,Tinea,Lichen,Candidiasis"
data/SkinDisease/SkinDisease/test/Eczema/eczema-foot-57.jpeg,Eczema,Tinea,0.918437659740448,False,"Tinea,Psoriasis,Eczema,Candidiasis,Lichen"
data/SkinDisease/SkinDisease/test/Eczema/eczema-foot-65.jpeg,Eczema,Eczema,0.6046659350395203,True,"Eczema,Vasculitis,Sun_Sunlight_Damage,DrugEruption,Psoriasis"
data/SkinDisease/SkinDisease/test/Eczema/eczema-foot-67.jpeg,Eczema,Eczema,0.9997434020042419,True,"Eczema,Psoriasis,Infestations_Bites,Tinea,Warts"
data/SkinDisease/SkinDisease/test/Eczema/eczema-foot-69.jpeg,Eczema,Psoriasis,0.9393492937088013,False,"Psoriasis,Eczema,Lichen,Tinea,Warts"
data/SkinDisease/SkinDisease/test/Eczema/eczema-foot-70.jpeg,Eczema,Psoriasis,0.9931601285934448,False,"Psoriasis,Eczema,Actinic_Keratosis,Bullous,DrugEruption"
data/SkinDisease/SkinDisease/test/Eczema/eczema-foot-72.jpeg,Eczema,Eczema,0.9625762104988098,True,"Eczema,Psoriasis,Tinea,Seborrh_Keratoses,Lichen"
data/SkinDisease/SkinDisease/test/Eczema/eczema-hand-114.jpeg,Eczema,Eczema,0.992473840713501,True,"Eczema,Vasculitis,Psoriasis,Tinea,DrugEruption"
data/SkinDisease/SkinDisease/test/Eczema/eczema-hand-122.jpeg,Eczema,Eczema,0.7467789053916931,True,"Eczema,Tinea,Psoriasis,Infestations_Bites,Warts"
data/SkinDisease/SkinDisease/test/Eczema/eczema-hand-135.jpeg,Eczema,Psoriasis,0.9656106233596802,False,"Psoriasis,Tinea,Candidiasis,Eczema,Benign_tumors"
data/SkinDisease/SkinDisease/test/Eczema/eczema-hand-136.jpeg,Eczema,Eczema,0.9998620748519897,True,"Eczema,Psoriasis,Lupus,Tinea,Rosacea"
data/SkinDisease/SkinDisease/test/Eczema/eczema-hand-147.jpeg,Eczema,Eczema,0.9604403376579285,True,"Eczema,Psoriasis,Vasculitis,Lichen,Lupus"
data/SkinDisease/SkinDisease/test/Eczema/eczema-hand-16.jpeg,Eczema,Sun_Sunlight_Damage,0.643092691898346,False,"Sun_Sunlight_Damage,Acne,Rosacea,DrugEruption,Vasculitis"
data/SkinDisease/SkinDisease/test/Eczema/eczema-hand-161.jpeg,Eczema,Psoriasis,0.7784438729286194,False,"Psoriasis,Eczema,Tinea,Lichen,Vasculitis"
data/SkinDisease/SkinDisease/test/Eczema/eczema-hand-166.jpeg,Eczema,Eczema,0.9722017645835876,True,"Eczema,Vasculitis,Benign_tumors,Tinea,Psoriasis"
data/SkinDisease/SkinDisease/test/Eczema/eczema-hand-169.jpeg,Eczema,Eczema,0.9999991655349731,True,"Eczema,Psoriasis,Tinea,Vasculitis,Lichen"
data/SkinDisease/SkinDisease/test/Eczema/eczema-hand-170.jpeg,Eczema,Eczema,0.9993021488189697,True,"Eczema,Psoriasis,Tinea,Lupus,Lichen"
data/SkinDisease/SkinDisease/test/Eczema/eczema-hand-18.jpeg,Eczema,Psoriasis,0.4369548261165619,False,"Psoriasis,DrugEruption,Lichen,Eczema,Vasculitis"
data/SkinDisease/SkinDisease/test/Eczema/eczema-hand-183.jpeg,Eczema,Eczema,0.9954753518104553,True,"Eczema,Psoriasis,Benign_tumors,Tinea,Warts"
data/SkinDisease/SkinDisease/test/Eczema/eczema-hand-187.jpeg,Eczema,Eczema,0.9993062019348145,True,"Eczema,Tinea,Bullous,Vasculitis,DrugEruption"
data/SkinDisease/SkinDisease/test/Eczema/eczema-hand-192.jpeg,Eczema,Eczema,0.7991763949394226,True,"Eczema,Lichen,Psoriasis,Tinea,Infestations_Bites"
data/SkinDisease/SkinDisease/test/Eczema/eczema-hand-92.jpeg,Eczema,Eczema,0.9997132420539856,True,"Eczema,Tinea,DrugEruption,Lichen,Bullous"
data/SkinDisease/SkinDisease/test/Eczema/eczema-histology-4.jpeg,Eczema,Acne,0.2842220366001129,False,"Acne,Vascular_Tumors,Psoriasis,Benign_tumors,Lupus"
data/SkinDisease/SkinDisease/test/Eczema/eczema-impetiginized-11.jpeg,Eczema,Tinea,0.33911216259002686,False,"Tinea,Psoriasis,Eczema,Lupus,SkinCancer"
data/SkinDisease/SkinDisease/test/Eczema/eczema-lids-1.jpeg,Eczema,Eczema,0.9518204927444458,True,"Eczema,Benign_tumors,Moles,Seborrh_Keratoses,Warts"
data/SkinDisease/SkinDisease/test/Eczema/eczema-lids-11.jpeg,Eczema,Eczema,0.9146366119384766,True,"Eczema,Benign_tumors,Vasculitis,DrugEruption,Vitiligo"
data/SkinDisease/SkinDisease/test/Eczema/eczema-lids-9.jpeg,Eczema,Benign_tumors,0.5121936798095703,False,"Benign_tumors,Eczema,Warts,Infestations_Bites,Actinic_Keratosis"
data/SkinDisease/SkinDisease/test/Eczema/eczema-nummular-107.jpeg,Eczema,Vasculitis,0.9987078905105591,False,"Vasculitis,Eczema,Bullous,Sun_Sunlight_Damage,Tinea"
data/SkinDisease/SkinDisease/test/Eczema/eczema-nummular-113.jpeg,Eczema,Eczema,0.915459394454956,True,"Eczema,Psoriasis,Rosacea,Tinea,Sun_Sunlight_Damage"
data/SkinDisease/SkinDisease/test/Eczema/eczema-nummular-117.jpeg,Eczema,Seborrh_Keratoses,0.9724838733673096,False,"Seborrh_Keratoses,Benign_tumors,SkinCancer,Eczema,Tinea"
data/SkinDisease/SkinDisease/test/Eczema/eczema-nummular-126.jpeg,Eczema,Eczema,0.9889208078384399,True,"Eczema,Bullous,Tinea,Vasculitis,Actinic_Keratosis"
data/SkinDisease/SkinDisease/test/Eczema/eczema-nummular-130.jpeg,Eczema,Vasculitis,0.9717136025428772,False,"Vasculitis,SkinCancer,Bullous,Eczema,Psoriasis"
data/SkinDisease/SkinDisease/test/Eczema/eczema-nummular-140.jpeg,Eczema,Eczema,0.8299854397773743,True,"Eczema,Seborrh_Keratoses,Tinea,SkinCancer,Warts"
data/SkinDisease/SkinDisease/test/Eczema/eczema-nummular-156.jpeg,Eczema,Eczema,0.7218964099884033,True,"Eczema,Vasculitis,Infestations_Bites,Bullous,Warts"
data/SkinDisease/SkinDisease/test/Eczema/eczema-nummular-17.jpeg,Eczema,Eczema,0.9992623925209045,True,"Eczema,Vasculitis,Tinea,Psoriasis,Infestations_Bites"
data/SkinDisease/SkinDisease/test/Eczema/eczema-nummular-172.jpeg,Eczema,Tinea,0.8681719303131104,False,"Tinea,Vascular_Tumors,Candidiasis,Eczema,Bullous"
data/SkinDisease/SkinDisease/test/Eczema/eczema-nummular-187.jpeg,Eczema,Eczema,0.8325745463371277,True,"Eczema,Psoriasis,Tinea,Benign_tumors,Seborrh_Keratoses"
data/SkinDisease/SkinDisease/test/Eczema/eczema-nummular-189.jpeg,Eczema,Psoriasis,0.743628978729248,False,"Psoriasis,Lichen,DrugEruption,Lupus,Vasculitis"
data/SkinDisease/SkinDisease/test/Eczema/eczema-nummular-190.jpeg,Eczema,Eczema,0.97788405418396,True,"Eczema,Psoriasis,Vasculitis,Actinic_Keratosis,Bullous"
data/SkinDisease/SkinDisease/test/Eczema/eczema-nummular-195.jpeg,Eczema,Tinea,0.5632215142250061,False,"Tinea,Lichen,Psoriasis,Candidiasis,Eczema"
data/SkinDisease/SkinDisease/test/Eczema/eczema-nummular-88.jpeg,Eczema,Eczema,0.8430249094963074,True,"Eczema,Seborrh_Keratoses,Psoriasis,SkinCancer,Vasculitis"
data/SkinDisease/SkinDisease/test/Eczema/eczema-nummular-9.jpeg,Eczema,Eczema,0.9633952379226685,True,"Eczema,Actinic_Keratosis,Psoriasis,Rosacea,Lupus"
data/SkinDisease/SkinDisease/test/Eczema/eczema-scrotum-2.jpeg,Eczema,Eczema,0.8522980213165283,True,"Eczema,Warts,Benign_tumors,Infestations_Bites,Moles"
data/SkinDisease/SkinDisease/test/Eczema/eczema-subacute-1.jpeg,Eczema,Eczema,0.9889786839485168,True,"Eczema,Psoriasis,Lichen,Vasculitis,Vascular_Tumors"
data/SkinDisease/SkinDisease/test/Eczema/eczema-subacute-18.jpeg,Eczema,Eczema,0.9930139183998108,True,"Eczema,DrugEruption,Psoriasis,Vasculitis,Actinic_Keratosis"
data/SkinDisease/SkinDisease/test/Eczema/eczema-subacute-2.jpeg,Eczema,Psoriasis,0.9996505975723267,False,"Psoriasis,Eczema,Tinea,Candidiasis,Benign_tumors"
data/SkinDisease/SkinDisease/test/Eczema/eczema-subacute-31.jpeg,Eczema,Tinea,0.45406198501586914,False,"Tinea,Candidiasis,Eczema,Moles,Bullous"
data/SkinDisease/SkinDisease/test/Eczema/eczema-subacute-33.jpeg,Eczema,Eczema,0.999563992023468,True,"Eczema,Rosacea,DrugEruption,Acne,Lupus"
data/SkinDisease/SkinDisease/test/Eczema/eczema-subacute-36.jpeg,Eczema,Eczema,0.9339036345481873,True,"Eczema,Psoriasis,Candidiasis,Bullous,Tinea"
data/SkinDisease/SkinDisease/test/Eczema/eczema-subacute-44.jpeg,Eczema,Eczema,0.9644888639450073,True,"Eczema,Rosacea,Psoriasis,Lupus,Actinic_Keratosis"
data/SkinDisease/SkinDisease/test/Eczema/eczema-subacute-63.jpeg,Eczema,DrugEruption,0.7859550714492798,False,"DrugEruption,Eczema,Sun_Sunlight_Damage,Infestations_Bites,Tinea"
data/SkinDisease/SkinDisease/test/Eczema/eczema-subacute-68.jpeg,Eczema,Eczema,0.8781172037124634,True,"Eczema,Infestations_Bites,Tinea,SkinCancer,Candidiasis"
data/SkinDisease/SkinDisease/test/Eczema/eczema-subacute-90.jpeg,Eczema,Eczema,0.7024618983268738,True,"Eczema,Vasculitis,Lichen,Sun_Sunlight_Damage,Tinea"
data/SkinDisease/SkinDisease/test/Eczema/eczema-trunk-generalized-20.jpeg,Eczema,Eczema,0.5149883031845093,True,"Eczema,Vasculitis,Seborrh_Keratoses,Psoriasis,Benign_tumors"
data/SkinDisease/SkinDisease/test/Eczema/eczema-trunk-generalized-28.jpeg,Eczema,Eczema,0.9762049317359924,True,"Eczema,Infestations_Bites,Psoriasis,DrugEruption,Vasculitis"
data/SkinDisease/SkinDisease/test/Eczema/eczema-trunk-generalized-36.jpeg,Eczema,Eczema,0.9785096645355225,True,"Eczema,Sun_Sunlight_Damage,Seborrh_Keratoses,Vasculitis,Tinea"
data/SkinDisease/SkinDisease/test/Eczema/eczema-trunk-generalized-5.jpeg,Eczema,Eczema,0.6004502177238464,True,"Eczema,DrugEruption,Psoriasis,Infestations_Bites,Tinea"
data/SkinDisease/SkinDisease/test/Eczema/eczema-vulva-6.jpeg,Eczema,Candidiasis,0.6263939142227173,False,"Candidiasis,Lichen,Benign_tumors,Tinea,Vascular_Tumors"
data/SkinDisease/SkinDisease/test/Infestations_Bites/1367__ProtectWyJQcm90ZWN0Il0_FocusFillWzI5NCwyMjIsInkiLDM2XQ.jpeg,Infestations_Bites,Vasculitis,0.42567238211631775,False,"Vasculitis,Bullous,DrugEruption,Infestations_Bites,Lupus"
data/SkinDisease/SkinDisease/test/Infestations_Bites/1369__ProtectWyJQcm90ZWN0Il0_FocusFillWzI5NCwyMjIsInkiLDM2XQ.jpeg,Infestations_Bites,DrugEruption,0.48168739676475525,False,"DrugEruption,Vasculitis,Infestations_Bites,Lichen,Sun_Sunlight_Damage"
data/SkinDisease/SkinDisease/test/Infestations_Bites/1378__ProtectWyJQcm90ZWN0Il0_FocusFillWzI5NCwyMjIsIngiLDFd.jpeg,Infestations_Bites,Infestations_Bites,0.99998939037323,True,"Infestations_Bites,Vasculitis,Bullous,Lichen,Vascular_Tumors"
data/SkinDisease/SkinDisease/test/Infestations_Bites/1383__ProtectWyJQcm90ZWN0Il0_FocusFillWzI5NCwyMjIsIngiLDFd.jpeg,Infestations_Bites,Infestations_Bites,0.999336302280426,True,"Infestations_Bites,DrugEruption,Bullous,Acne,Lichen"
data/SkinDisease/SkinDisease/test/Infestations_Bites/1390__ProtectWyJQcm90ZWN0Il0_FocusFillWzI5NCwyMjIsIngiLDIzXQ.jpeg,Infestations_Bites,Actinic_Keratosis,0.8629434108734131,False,"Actinic_Keratosis,SkinCancer,Moles,Lupus,Infestations_Bites"
data/SkinDisease/SkinDisease/test/Infestations_Bites/Box6MiscIMG086-GP3.jpeg,Infestations_Bites,Infestations_Bites,0.3654126822948456,True,"Infestations_Bites,Acne,Bullous,Vasculitis,SkinCancer"
data/SkinDisease/SkinDisease/test/Infestations_Bites/bites__ProtectWyJQcm90ZWN0Il0_FocusFillWzI5NCwyMjIsInkiLDg1XQ.jpeg,Infestations_Bites,Infestations_Bites,0.7780291438102722,True,"Infestations_Bites,Acne,Vasculitis,Lupus,Vascular_Tumors"
data/SkinDisease/SkinDisease/test/Infestations_Bites/biting-insects-13.jpeg,Infestations_Bites,Infestations_Bites,0.5820708870887756,True,"Infestations_Bites,Acne,Benign_tumors,Vascular_Tumors,Tinea"
data/SkinDisease/SkinDisease/test/Infestations_Bites/biting-insects-33.jpeg,Infestations_Bites,Infestations_Bites,0.9504621624946594,True,"Infestations_Bites,SkinCancer,Vascular_Tumors,Vasculitis,Lichen"
data/SkinDisease/SkinDisease/test/Infestations_Bites/biting-insects-41.jpeg,Infestations_Bites,Benign_tumors,0.721908450126648,False,"Benign_tumors,Lichen,Tinea,Vasculitis,Infestations_Bites"
data/SkinDisease/SkinDisease/test/Infestations_Bites/biting-insects-47.jpeg,Infestations_Bites,Moles,0.5754817128181458,False,"Moles,Benign_tumors,Bullous,Infestations_Bites,Vascular_Tumors"
data/SkinDisease/SkinDisease/test/Infestations_Bites/cactus-granuloma-1.jpeg,Infestations_Bites,DrugEruption,0.8181198239326477,False,"DrugEruption,Vasculitis,Infestations_Bites,Bullous,Lichen"
data/SkinDisease/SkinDisease/test/Infestations_Bites/cat-scratch-disease-3.jpeg,Infestations_Bites,Infestations_Bites,0.5959263443946838,True,"Infestations_Bites,Vascular_Tumors,Benign_tumors,Bullous,Vasculitis"
data/SkinDisease/SkinDisease/test/Infestations_Bites/cat-scratch-disease-4.jpeg,Infestations_Bites,Benign_tumors,0.3994639813899994,False,"Benign_tumors,Vascular_Tumors,Lichen,SkinCancer,DrugEruption"
data/SkinDisease/SkinDisease/test/Infestations_Bites/cat-scratch-disease-8.jpeg,Infestations_Bites,Infestations_Bites,0.7921930551528931,True,"Infestations_Bites,Tinea,DrugEruption,SkinCancer,Bullous"
data/SkinDisease/SkinDisease/test/Infestations_Bites/cutaneous-Larva-Migrans-24.jpeg,Infestations_Bites,Infestations_Bites,0.9883550405502319,True,"Infestations_Bites,DrugEruption,Benign_tumors,Vasculitis,Sun_Sunlight_Damage"
data/SkinDisease/SkinDisease/test/Infestations_Bites/cutaneous-Larva-Migrans-39.jpeg,Infestations_Bites,Eczema,0.5874840021133423,False,"Eczema,Tinea,Psoriasis,Infestations_Bites,Benign_tumors"
data/SkinDisease/SkinDisease/test/Infestations_Bites/cutaneous-Larva-Migrans-40.jpeg,Infestations_Bites,Infestations_Bites,0.948529064655304,True,"Infestations_Bites,Benign_tumors,Bullous,Tinea,SkinCancer"
data/SkinDisease/SkinDisease/test/Infestations_Bites/cutaneous-Larva-Migrans-43.jpeg,Infestations_Bites,Sun_Sunlight_Damage,0.7864065170288086,False,"Sun_Sunlight_Damage,DrugEruption,Benign_tumors,Actinic_Keratosis,SkinCancer"
data/SkinDisease/SkinDisease/test/Infestations_Bites/cutaneous-Larva-Migrans-5.jpeg,Infestations_Bites,Infestations_Bites,0.9696907997131348,True,"Infestations_Bites,Vasculitis,Lichen,Bullous,DrugEruption"
data/SkinDisease/SkinDisease/test/Infestations_Bites/duck-itch-11.jpeg,Infestations_Bites,Infestations_Bites,0.9988489151000977,True,"Infestations_Bites,Psoriasis,DrugEruption,Eczema,Benign_tumors"
data/SkinDisease/SkinDisease/test/Infestations_Bites/duck-itch-3.jpeg,Infestations_Bites,Infestations_Bites,0.9985899329185486,True,"Infestations_Bites,Sun_Sunlight_Damage,Vasculitis,Benign_tumors,Lichen"
data/SkinDisease/SkinDisease/test/Infestations_Bites/duck-itch-8.jpeg,Infestations_Bites,Eczema,0.9494693279266357,False,"Eczema,Vasculitis,Sun_Sunlight_Damage,Tinea,DrugEruption"
data/SkinDisease/SkinDisease/test/Infestations_Bites/flea-bites-17.jpeg,Infestations_Bites,Infestations_Bites,0.8158422708511353,True,"Infestations_Bites,Sun_Sunlight_Damage,Benign_tumors,Lichen,Vasculitis"
data/SkinDisease/SkinDisease/test/Infestations_Bites/head-lice-3.jpeg,Infestations_Bites,Tinea,0.8620020151138306,False,"Tinea,Infestations_Bites,Psoriasis,Lupus,Actinic_Keratosis"
data/SkinDisease/SkinDisease/test/Infestations_Bites/headlice-eggs__ProtectWyJQcm90ZWN0Il0_FocusFillWzI5NCwyMjIsIngiLDFd.jpeg,Infestations_Bites,Benign_tumors,0.5177746415138245,False,"Benign_tumors,Unknown_Normal,Moles,Psoriasis,Lupus"
data/SkinDisease/SkinDisease/test/Infestations_Bites/larva-mig1__ProtectWyJQcm90ZWN0Il0_FocusFillWzI5NCwyMjIsInkiLDg1XQ.jpeg,Infestations_Bites,Sun_Sunlight_Damage,0.38017845153808594,False,"Sun_Sunlight_Damage,Actinic_Keratosis,Infestations_Bites,Lichen,Vasculitis"
data/SkinDisease/SkinDisease/test/Infestations_Bites/leishmaniasis-1.jpeg,Infestations_Bites,Vasculitis,0.784014880657196,False,"Vasculitis,SkinCancer,Tinea,Infestations_Bites,Vascular_Tumors"
data/SkinDisease/SkinDisease/test/Infestations_Bites/leishmaniasis-7.jpeg,Infestations_Bites,Benign_tumors,0.9939693212509155,False,"Benign_tumors,Lupus,Vascular_Tumors,SkinCancer,Moles"
data/SkinDisease/SkinDisease/test/Infestations_Bites/lyme-disease-1.jpeg,Infestations_Bites,Infestations_Bites,0.7893949151039124,True,"Infestations_Bites,DrugEruption,Bullous,Vascular_Tumors,SkinCancer"
data/SkinDisease/SkinDisease/test/Infestations_Bites/lyme-disease-15.jpeg,Infestations_Bites,Vascular_Tumors,0.8240170478820801,False,"Vascular_Tumors,DrugEruption,Bullous,Vasculitis,Lichen"
data/SkinDisease/SkinDisease/test/Infestations_Bites/lyme-disease-24.jpeg,Infestations_Bites,Vasculitis,0.7098686695098877,False,"Vasculitis,Sun_Sunlight_Damage,Infestations_Bites,DrugEruption,Tinea"
data/SkinDisease/SkinDisease/test/Infestations_Bites/lyme-disease-27.jpeg,Infestations_Bites,Sun_Sunlight_Damage,0.6917116045951843,False,"Sun_Sunlight_Damage,Infestations_Bites,Tinea,DrugEruption,Vasculitis"
data/SkinDisease/SkinDisease/test/Infestations_Bites/myiasis-7.jpeg,Infestations_Bites,Seborrh_Keratoses,0.9495184421539307,False,"Seborrh_Keratoses,Eczema,Psoriasis,Warts,Benign_tumors"
data/SkinDisease/SkinDisease/test/Infestations_Bites/pubic-lice-13.jpeg,Infestations_Bites,Infestations_Bites,0.9995675683021545,True,"Infestations_Bites,Warts,Benign_tumors,Lichen,Moles"
data/SkinDisease/SkinDisease/test/Infestations_Bites/pubic-lice-24.jpeg,Infestations_Bites,Infestations_Bites,0.9828166961669922,True,"Infestations_Bites,Tinea,Eczema,Lichen,Bullous"
data/SkinDisease/SkinDisease/test/Infestations_Bites/pubic-lice-5.jpeg,Infestations_Bites,Infestations_Bites,0.9998773336410522,True,"Infestations_Bites,Benign_tumors,Vascular_Tumors,Tinea,Vasculitis"
data/SkinDisease/SkinDisease/test/Infestations_Bites/rocky-mountain-spotted-fever-2.jpeg,Infestations_Bites,Benign_tumors,0.7512452602386475,False,"Benign_tumors,Vascular_Tumors,Lichen,Infestations_Bites,Sun_Sunlight_Damage"
data/SkinDisease/SkinDisease/test/Infestations_Bites/rocky-mountain-spotted-fever-3.jpeg,Infestations_Bites,Vascular_Tumors,0.622042715549469,False,"Vascular_Tumors,DrugEruption,Infestations_Bites,SkinCancer,Bullous"
data/SkinDisease/SkinDisease/test/Infestations_Bites/scabies-112.jpeg,Infestations_Bites,Infestations_Bites,0.9989970326423645,True,"Infestations_Bites,Psoriasis,DrugEruption,Lichen,Tinea"
data/SkinDisease/SkinDisease/test/Infestations_Bites/scabies-153.jpeg,Infestations_Bites,Lichen,0.4432099461555481,False,"Lichen,DrugEruption,Vasculitis,Actinic_Keratosis,Eczema"
data/SkinDisease/SkinDisease/test/Infestations_Bites/scabies-155.jpeg,Infestations_Bites,Benign_tumors,0.5297096967697144,False,"Benign_tumors,Tinea,Vasculitis,Sun_Sunlight_Damage,Infestations_Bites"
data/SkinDisease/SkinDisease/test/Infestations_Bites/scabies-16.jpeg,Infestations_Bites,Infestations_Bites,0.9683614373207092,True,"Infestations_Bites,Benign_tumors,Vascular_Tumors,Warts,SkinCancer"
data/SkinDisease/SkinDisease/test/Infestations_Bites/scabies-160.jpeg,Infestations_Bites,SkinCancer,0.6133828163146973,False,"SkinCancer,Actinic_Keratosis,Benign_tumors,Infestations_Bites,Bullous"
data/SkinDisease/SkinDisease/test/Infestations_Bites/scabies-164.jpeg,Infestations_Bites,Infestations_Bites,0.4579962491989136,True,"Infestations_Bites,Tinea,Eczema,Warts,Benign_tumors"
data/SkinDisease/SkinDisease/test/Infestations_Bites/scabies-189.jpeg,Infestations_Bites,Infestations_Bites,0.9600141048431396,True,"Infestations_Bites,Warts,Benign_tumors,Vascular_Tumors,Lichen"
data/SkinDisease/SkinDisease/test/Infestations_Bites/scabies-8__ProtectWyJQcm90ZWN0Il0_FocusFillWzI5NCwyMjIsIngiLDFd.jpeg,Infestations_Bites,Infestations_Bites,0.9970778226852417,True,"Infestations_Bites,Bullous,Actinic_Keratosis,DrugEruption,Psoriasis"
data/SkinDisease/SkinDisease/test/Infestations_Bites/scabies-95.jpeg,Infestations_Bites,Infestations_Bites,0.4442712068557739,True,"Infestations_Bites,Eczema,Vasculitis,Acne,Tinea"
data/SkinDisease/SkinDisease/test/Infestations_Bites/scabies31__ProtectWyJQcm90ZWN0Il0_FocusFillWzI5NCwyMjIsIngiLDFd.jpeg,Infestations_Bites,Rosacea,0.2781398296356201,False,"Rosacea,Actinic_Keratosis,Tinea,Infestations_Bites,Lupus"
data/SkinDisease/SkinDisease/test/Infestations_Bites/scabies4__ProtectWyJQcm90ZWN0Il0_FocusFillWzI5NCwyMjIsIngiLDFd.jpeg,Infestations_Bites,DrugEruption,0.4447399377822876,False,"DrugEruption,Sun_Sunlight_Damage,Lupus,Moles,Tinea"
data/SkinDisease/SkinDisease/test/Infestations_Bites/sea-urchin-sting-78.jpeg,Infestations_Bites,Tinea,0.44668278098106384,False,"Tinea,Lichen,Psoriasis,DrugEruption,Infestations_Bites"
data/SkinDisease/SkinDisease/test/Infestations_Bites/spider-bite-25.jpeg,Infestations_Bites,Infestations_Bites,0.9645177721977234,True,"Infestations_Bites,Vasculitis,DrugEruption,Vascular_Tumors,Tinea"
data/SkinDisease/SkinDisease/test/Infestations_Bites/spider-bite-27.jpeg,Infestations_Bites,Moles,0.3327939212322235,False,"Moles,Tinea,Eczema,Sun_Sunlight_Damage,Vascular_Tumors"
data/SkinDisease/SkinDisease/test/Infestations_Bites/spider-bite-8.jpeg,Infestations_Bites,Eczema,0.5594144463539124,False,"Eczema,Seborrh_Keratoses,Benign_tumors,Moles,Warts"
data/SkinDisease/SkinDisease/test/Infestations_Bites/spider2__ProtectWyJQcm90ZWN0Il0_FocusFillWzI5NCwyMjIsIngiLDFd.jpeg,Infestations_Bites,Infestations_Bites,0.9894785284996033,True,"Infestations_Bites,DrugEruption,Vasculitis,Lichen,Bullous"
data/SkinDisease/SkinDisease/test/Infestations_Bites/spider7__ProtectWyJQcm90ZWN0Il0_FocusFillWzI5NCwyMjIsInkiLDUxXQ.jpeg,Infestations_Bites,Lupus,0.8254985213279724,False,"Lupus,Infestations_Bites,DrugEruption,Vasculitis,SkinCancer"
data/SkinDisease/SkinDisease/test/Infestations_Bites/spiderbite__ProtectWyJQcm90ZWN0Il0_FocusFillWzI5NCwyMjIsIngiLDFd.jpeg,Infestations_Bites,Infestations_Bites,0.8320276737213135,True,"Infestations_Bites,Tinea,Lupus,Unknown_Normal,DrugEruption"
data/SkinDisease/SkinDisease/test/Infestations_Bites/stinging-insects-1.jpeg,Infestations_Bites,Vasculitis,0.3591754734516144,False,"Vasculitis,Eczema,Infestations_Bites,Warts,Moles"
data/SkinDisease/SkinDisease/test/Infestations_Bites/tick-bite-2.jpeg,Infestations_Bites,Infestations_Bites,0.993728756904602,True,"Infestations_Bites,Vasculitis,Unknown_Normal,Vascular_Tumors,Eczema"
data/SkinDisease/SkinDisease/test/Infestations_Bites/tick-bite-42.jpeg,Infestations_Bites,Infestations_Bites,0.9999493360519409,True,"Infestations_Bites,Benign_tumors,Vascular_Tumors,Warts,Unknown_Normal"
data/SkinDisease/SkinDisease/test/Lichen/3065__ProtectWyJQcm90ZWN0Il0_FocusFillWzI5NCwyMjIsIngiLDZd.jpeg,Lichen,Psoriasis,0.9608604907989502,False,"Psoriasis,Lichen,Lupus,DrugEruption,Actinic_Keratosis"
data/SkinDisease/SkinDisease/test/Lichen/3066__ProtectWyJQcm90ZWN0Il0_FocusFillWzI5NCwyMjIsInkiLDM2XQ.jpeg,Lichen,Lichen,0.6642295122146606,True,"Lichen,Lupus,Infestations_Bites,Vitiligo,Psoriasis"
data/SkinDisease/SkinDisease/test/Lichen/3069__ProtectWyJQcm90ZWN0Il0_FocusFillWzI5NCwyMjIsIngiLDEwXQ.jpeg,Lichen,Lupus,0.4988751709461212,False,"Lupus,Lichen,Psoriasis,Candidiasis,Bullous"
data/SkinDisease/SkinDisease/test/Lichen/3087__ProtectWyJQcm90ZWN0Il0_FocusFillWzI5NCwyMjIsInkiLDNd.jpeg,Lichen,Rosacea,0.7300537824630737,False,"Rosacea,Acne,Actinic_Keratosis,Lupus,Eczema"
data/SkinDisease/SkinDisease/test/Lichen/3100__ProtectWyJQcm90ZWN0Il0_FocusFillWzI5NCwyMjIsIngiLDFd.jpeg,Lichen,Lichen,0.4748382866382599,True,"Lichen,Tinea,Lupus,Psoriasis,Candidiasis"
data/SkinDisease/SkinDisease/test/Lichen/3112__ProtectWyJQcm90ZWN0Il0_FocusFillWzI5NCwyMjIsInkiLDEwOF0.jpeg,Lichen,Lichen,0.5429851412773132,True,"Lichen,Lupus,Infestations_Bites,Benign_tumors,Actinic_Keratosis"
data/SkinDisease/SkinDisease/test/Lichen/Lichen-Nitidus-1.jpeg,Lichen,Warts,0.9171469807624817,False,"Warts,Eczema,Tinea,Lichen,Psoriasis"
data/SkinDisease/SkinDisease/test/Lichen/Lichen-Nitidus-12.jpeg,Lichen,Tinea,0.5040037035942078,False,"Tinea,Lichen,Warts,Infestations_Bites,Eczema"
data/SkinDisease/SkinDisease/test/Lichen/Lichen-Nitidus-13.jpeg,Lichen,Benign_tumors,0.5100098252296448,False,"Benign_tumors,Lichen,Infestations_Bites,Bullous,Candidiasis"
data/SkinDisease/SkinDisease/test/Lichen/Lichen-Planus-Drug-16.jpeg,Lichen,DrugEruption,0.999685525894165,False,"DrugEruption,Sun_Sunlight_Damage,Infestations_Bites,Lichen,Tinea"
data/SkinDisease/SkinDisease/test/Lichen/Lichen-Planus-Drug-18.jpeg,Lichen,Lichen,0.9722648859024048,True,"Lichen,Moles,SkinCancer,DrugEruption,Infestations_Bites"
data/SkinDisease/SkinDisease/test/Lichen/Lichen-Planus-Hypertrophic-10.jpeg,Lichen,Lichen,0.41771888732910156,True,"Lichen,Eczema,SkinCancer,Vascular_Tumors,DrugEruption"
data/SkinDisease/SkinDisease/test/Lichen/Lichen-Planus-Hypertrophic-13.jpeg,Lichen,Lichen,0.8191816806793213,True,"Lichen,Bullous,Vasculitis,DrugEruption,Lupus"
data/SkinDisease/SkinDisease/test/Lichen/Lichen-Planus-Oral-31.jpeg,Lichen,Lichen,0.9971488118171692,True,"Lichen,Candidiasis,DrugEruption,Actinic_Keratosis,Warts"
data/SkinDisease/SkinDisease/test/Lichen/Lichen-Planus-Oral-32.jpeg,Lichen,Lichen,0.8440836668014526,True,"Lichen,Bullous,DrugEruption,SkinCancer,Warts"
data/SkinDisease/SkinDisease/test/Lichen/Lichen-Planus-Oral-37.jpeg,Lichen,Lichen,0.9990136623382568,True,"Lichen,Candidiasis,Actinic_Keratosis,DrugEruption,Rosacea"
data/SkinDisease/SkinDisease/test/Lichen/Lichen-Planus-Oral-48.jpeg,Lichen,Lichen,0.5283961892127991,True,"Lichen,Actinic_Keratosis,Candidiasis,DrugEruption,Infestations_Bites"
data/SkinDisease/SkinDisease/test/Lichen/Lichen-Planus-Palm-Soles-9.jpeg,Lichen,Tinea,0.5438919067382812,False,"Tinea,Lichen,DrugEruption,Lupus,Candidiasis"
data/SkinDisease/SkinDisease/test/Lichen/Lichen-Planus-Penis-13.jpeg,Lichen,Lichen,0.9895428419113159,True,"Lichen,Warts,Psoriasis,Candidiasis,Benign_tumors"
data/SkinDisease/SkinDisease/test/Lichen/Lichen-Planus-Penis-3.jpeg,Lichen,Benign_tumors,0.7662134766578674,False,"Benign_tumors,Lichen,SkinCancer,Psoriasis,Eczema"
data/SkinDisease/SkinDisease/test/Lichen/Lichen-Planus-Penis-4.jpeg,Lichen,Lichen,0.9999666213989258,True,"Lichen,Candidiasis,Warts,DrugEruption,Psoriasis"
data/SkinDisease/SkinDisease/test/Lichen/Lichen-Sclerosis-Vulva-3.jpeg,Lichen,Lichen,0.9977115392684937,True,"Lichen,Candidiasis,Psoriasis,Benign_tumors,Warts"
data/SkinDisease/SkinDisease/test/Lichen/Lichen-Sclerosus-Penis-28.jpeg,Lichen,Lichen,0.9999115467071533,True,"Lichen,Candidiasis,Eczema,Psoriasis,Warts"
data/SkinDisease/SkinDisease/test/Lichen/Lichen-Sclerosus-Penis-31.jpeg,Lichen,Lichen,0.9991596937179565,True,"Lichen,Warts,Psoriasis,Candidiasis,Infestations_Bites"
data/SkinDisease/SkinDisease/test/Lichen/Lichen-Sclerosus-Penis-32.jpeg,Lichen,Lichen,0.9998204112052917,True,"Lichen,Eczema,Candidiasis,Psoriasis,Bullous"
data/SkinDisease/SkinDisease/test/Lichen/Lichen-Sclerosus-Penis-36.jpeg,Lichen,Lichen,0.9978209733963013,True,"Lichen,Psoriasis,Candidiasis,Warts,Infestations_Bites"
data/SkinDisease/SkinDisease/test/Lichen/Lichen-Sclerosus-Penis-4.jpeg,Lichen,Candidiasis,0.9976485371589661,False,"Candidiasis,Lichen,Psoriasis,Infestations_Bites,Warts"
data/SkinDisease/SkinDisease/test/Lichen/Lichen-Sclerosus-Skin-118.jpeg,Lichen,Lichen,0.9864457249641418,True,"Lichen,Tinea,Psoriasis,Lupus,Benign_tumors"
data/SkinDisease/SkinDisease/test/Lichen/Lichen-Sclerosus-Skin-119.jpeg,Lichen,Lichen,0.9948363304138184,True,"Lichen,Eczema,Psoriasis,Vasculitis,Seborrh_Keratoses"
data/SkinDisease/SkinDisease/test/Lichen/Lichen-Sclerosus-Skin-12.jpeg,Lichen,Lichen,0.9902657866477966,True,"Lichen,Tinea,Seborrh_Keratoses,Vasculitis,DrugEruption"
data/SkinDisease/SkinDisease/test/Lichen/Lichen-Sclerosus-Skin-121.jpeg,Lichen,Lichen,0.9978535771369934,True,"Lichen,Psoriasis,Tinea,Lupus,Vitiligo"
data/SkinDisease/SkinDisease/test/Lichen/Lichen-Sclerosus-Skin-126.jpeg,Lichen,Lichen,0.9219398498535156,True,"Lichen,Tinea,Vitiligo,Acne,Benign_tumors"
data/SkinDisease/SkinDisease/test/Lichen/Lichen-Sclerosus-Skin-29.jpeg,Lichen,Tinea,0.7709616422653198,False,"Tinea,Lichen,Moles,Lupus,SkinCancer"
data/SkinDisease/SkinDisease/test/Lichen/Lichen-Sclerosus-Skin-32.jpeg,Lichen,Lichen,0.9576173424720764,True,"Lichen,Benign_tumors,Tinea,Seborrh_Keratoses,Vasculitis"
data/SkinDisease/SkinDisease/test/Lichen/Lichen-Sclerosus-Skin-33.jpeg,Lichen,Lichen,0.9973217844963074,True,"Lichen,Benign_tumors,Tinea,Vitiligo,Moles"
data/SkinDisease/SkinDisease/test/Lichen/Lichen-Sclerosus-Skin-59.jpeg,Lichen,Lichen,0.8573837280273438,True,"Lichen,Tinea,Vitiligo,Eczema,Benign_tumors"
data/SkinDisease/SkinDisease/test/Lichen/Lichen-Sclerosus-Skin-60.jpeg,Lichen,Lichen,0.9541176557540894,True,"Lichen,Infestations_Bites,Vasculitis,DrugEruption,Tinea"
data/SkinDisease/SkinDisease/test/Lichen/Lichen-Sclerosus-Skin-64.jpeg,Lichen,Vascular_Tumors,0.9787991046905518,False,"Vascular_Tumors,Benign_tumors,Acne,Infestations_Bites,Vasculitis"
data/SkinDisease/SkinDisease/test/Lichen/Lichen-Sclerosus-Skin-83.jpeg,Lichen,Lichen,0.8472080230712891,True,"Lichen,Psoriasis,SkinCancer,Lupus,DrugEruption"
data/SkinDisease/SkinDisease/test/Lichen/Lichen-Sclerosus-Skin-91.jpeg,Lichen,Lichen,0.9944936037063599,True,"Lichen,Benign_tumors,Vitiligo,Seborrh_Keratoses,Psoriasis"
data/SkinDisease/SkinDisease/test/Lichen/Lichen-Sclerosus-Skin-99.jpeg,Lichen,Lichen,0.9025018811225891,True,"Lichen,Lupus,Candidiasis,Actinic_Keratosis,Vitiligo"
data/SkinDisease/SkinDisease/test/Lichen/lichen-planus-111.jpeg,Lichen,Eczema,0.6420608758926392,False,"Eczema,Sun_Sunlight_Damage,Actinic_Keratosis,Rosacea,Psoriasis"
data/SkinDisease/SkinDisease/test/Lichen/lichen-planus-117.jpeg,Lichen,Vasculitis,0.9939395189285278,False,"Vasculitis,Eczema,Sun_Sunlight_Damage,Tinea,Lichen"
data/SkinDisease/SkinDisease/test/Lichen/lichen-planus-137.jpeg,Lichen,Lichen,0.6338052153587341,True,"Lichen,Eczema,Acne,Bullous,Vasculitis"
data/SkinDisease/SkinDisease/test/Lichen/lichen-planus-148.jpeg,Lichen,Lichen,0.9997531771659851,True,"Lichen,Lupus,Vasculitis,Psoriasis,DrugEruption"
data/SkinDisease/SkinDisease/test/Lichen/lichen-planus-18.jpeg,Lichen,Lichen,0.9998973608016968,True,"Lichen,Benign_tumors,Lupus,Infestations_Bites,Bullous"
data/SkinDisease/SkinDisease/test/Lichen/lichen-planus-180.jpeg,Lichen,Lichen,0.8500586152076721,True,"Lichen,Tinea,Candidiasis,Psoriasis,Eczema"
data/SkinDisease/SkinDisease/test/Lichen/lichen-planus-195.jpeg,Lichen,Lichen,0.7917063236236572,True,"Lichen,Eczema,Vascular_Tumors,Acne,Bullous"
data/SkinDisease/SkinDisease/test/Lichen/lichen-planus-197.jpeg,Lichen,Lichen,0.9999001026153564,True,"Lichen,Benign_tumors,Vitiligo,SkinCancer,Candidiasis"
data/SkinDisease/SkinDisease/test/Lichen/lichen-planus-nail-015__ProtectWyJQcm90ZWN0Il0_FocusFillWzI5NCwyMjIsIngiLDFd.jpeg,Lichen,Lichen,0.9999905824661255,True,"Lichen,Vitiligo,DrugEruption,Unknown_Normal,Psoriasis"
data/SkinDisease/SkinDisease/test/Lichen/lichen-planus-nail-020__ProtectWyJQcm90ZWN0Il0_FocusFillWzI5NCwyMjIsIngiLDFd.jpeg,Lichen,Actinic_Keratosis,0.731695294380188,False,"Actinic_Keratosis,Lichen,Candidiasis,Vitiligo,Lupus"
data/SkinDisease/SkinDisease/test/Lichen/lichen-planus-nail-024__ProtectWyJQcm90ZWN0Il0_FocusFillWzI5NCwyMjIsIngiLDFd.jpeg,Lichen,Lichen,0.999916672706604,True,"Lichen,Tinea,Candidiasis,Psoriasis,Warts"
data/SkinDisease/SkinDisease/test/Lichen/lichen-planus-nail-030__ProtectWyJQcm90ZWN0Il0_FocusFillWzI5NCwyMjIsInkiLDg1XQ.jpeg,Lichen,Lichen,0.996936559677124,True,"Lichen,Vitiligo,DrugEruption,Actinic_Keratosis,Seborrh_Keratoses"
data/SkinDisease/SkinDisease/test/Lichen/lichen-planus-nail-038__ProtectWyJQcm90ZWN0Il0_FocusFillWzI5NCwyMjIsIngiLDEzXQ.jpeg,Lichen,Lichen,0.9822912216186523,True,"Lichen,DrugEruption,Psoriasis,Infestations_Bites,Tinea"
data/SkinDisease/SkinDisease/test/Lichen/lichen-planus-nail-052__ProtectWyJQcm90ZWN0Il0_FocusFillWzI5NCwyMjIsIngiLDFd.jpeg,Lichen,Lichen,0.9794163703918457,True,"Lichen,Vitiligo,Unknown_Normal,DrugEruption,Infestations_Bites"
data/SkinDisease/SkinDisease/test/Lichen/lichenplanus-nail1__ProtectWyJQcm90ZWN0Il0_FocusFillWzI5NCwyMjIsIngiLDFd.jpeg,Lichen,Lichen,0.9955378770828247,True,"Lichen,Eczema,Psoriasis,Lupus,DrugEruption"
data/SkinDisease/SkinDisease/test/Lichen/papular-lichen-planus-0001__ProtectWyJQcm90ZWN0Il0_FocusFillWzI5NCwyMjIsIngiLDFd.jpeg,Lichen,Psoriasis,0.37081918120384216,False,"Psoriasis,DrugEruption,Candidiasis,Bullous,Lichen"
data/SkinDisease/SkinDisease/test/Lichen/papular-lichen-planus-0003__ProtectWyJQcm90ZWN0Il0_FocusFillWzI5NCwyMjIsIngiLDFd.jpeg,Lichen,DrugEruption,0.7484166026115417,False,"DrugEruption,Bullous,Actinic_Keratosis,Moles,Lichen"
data/SkinDisease/SkinDisease/test/Lichen/papular-lichen-planus-0004__ProtectWyJQcm90ZWN0Il0_FocusFillWzI5NCwyMjIsIngiLDFd.jpeg,Lichen,Actinic_Keratosis,0.9590040445327759,False,"Actinic_Keratosis,Lichen,DrugEruption,Bullous,SkinCancer"
data/SkinDisease/SkinDisease/test/Lichen/papular-lichen-planus-0005__ProtectWyJQcm90ZWN0Il0_FocusFillWzI5NCwyMjIsIngiLDFd.jpeg,Lichen,DrugEruption,0.7983480095863342,False,"DrugEruption,Infestations_Bites,Bullous,Vasculitis,Tinea"
data/SkinDisease/SkinDisease/test/Lichen/zosteriform-lichen-planus-0001__ProtectWyJQcm90ZWN0Il0_FocusFillWzI5NCwyMjIsIngiLDFd.jpeg,Lichen,DrugEruption,0.8710347414016724,False,"DrugEruption,Benign_tumors,Bullous,Actinic_Keratosis,Infestations_Bites"
data/SkinDisease/SkinDisease/test/Lupus/2522__ProtectWyJQcm90ZWN0Il0_FocusFillWzI5NCwyMjIsInkiLDM2XQ.jpeg,Lupus,Lupus,0.9998294115066528,True,"Lupus,Acne,Rosacea,Tinea,DrugEruption"
data/SkinDisease/SkinDisease/test/Lupus/2526__ProtectWyJQcm90ZWN0Il0_FocusFillWzI5NCwyMjIsInkiLDM2XQ.jpeg,Lupus,Vitiligo,0.5227131843566895,False,"Vitiligo,Lichen,Lupus,Tinea,DrugEruption"
data/SkinDisease/SkinDisease/test/Lupus/2528__ProtectWyJQcm90ZWN0Il0_FocusFillWzI5NCwyMjIsInkiLDNd.jpeg,Lupus,Lupus,0.8701360821723938,True,"Lupus,Lichen,Rosacea,Benign_tumors,Acne"
data/SkinDisease/SkinDisease/test/Lupus/2529__ProtectWyJQcm90ZWN0Il0_FocusFillWzI5NCwyMjIsIngiLDFd.jpeg,Lupus,Lupus,0.5207178592681885,True,"Lupus,Rosacea,Psoriasis,Acne,Seborrh_Keratoses"
data/SkinDisease/SkinDisease/test/Lupus/2546__ProtectWyJQcm90ZWN0Il0_FocusFillWzI5NCwyMjIsIngiLDFd.jpeg,Lupus,Psoriasis,0.9738474488258362,False,"Psoriasis,Tinea,Candidiasis,Infestations_Bites,Lupus"
data/SkinDisease/SkinDisease/test/Lupus/2547__ProtectWyJQcm90ZWN0Il0_FocusFillWzI5NCwyMjIsIngiLDFd.jpeg,Lupus,Rosacea,0.7730526924133301,False,"Rosacea,Acne,Infestations_Bites,Actinic_Keratosis,Candidiasis"
data/SkinDisease/SkinDisease/test/Lupus/2561__ProtectWyJQcm90ZWN0Il0_FocusFillWzI5NCwyMjIsInkiLDZd.jpeg,Lupus,Lupus,0.820195198059082,True,"Lupus,Lichen,Infestations_Bites,Psoriasis,Tinea"
data/SkinDisease/SkinDisease/test/Lupus/2562__ProtectWyJQcm90ZWN0Il0_FocusFillWzI5NCwyMjIsIngiLDFd.jpeg,Lupus,DrugEruption,0.894196093082428,False,"DrugEruption,Actinic_Keratosis,Infestations_Bites,Bullous,Lichen"
data/SkinDisease/SkinDisease/test/Lupus/2574__ProtectWyJQcm90ZWN0Il0_FocusFillWzI5NCwyMjIsIngiLDFd.jpeg,Lupus,Lupus,0.9892153143882751,True,"Lupus,Psoriasis,Tinea,Rosacea,Actinic_Keratosis"
data/SkinDisease/SkinDisease/test/Lupus/discoid-lupus-10__ProtectWyJQcm90ZWN0Il0_FocusFillWzI5NCwyMjIsIngiLDFd.jpeg,Lupus,Lupus,0.9554434418678284,True,"Lupus,Psoriasis,Lichen,Actinic_Keratosis,Acne"
data/SkinDisease/SkinDisease/test/Lupus/le-hands__ProtectWyJQcm90ZWN0Il0_FocusFillWzI5NCwyMjIsIngiLDFd.jpeg,Lupus,Lupus,0.3977340757846832,True,"Lupus,Lichen,Vitiligo,Tinea,Actinic_Keratosis"
data/SkinDisease/SkinDisease/test/Lupus/le-nailfolds__ProtectWyJQcm90ZWN0Il0_FocusFillWzI5NCwyMjIsIngiLDFd.jpeg,Lupus,Lupus,0.9841160178184509,True,"Lupus,Lichen,Vitiligo,Unknown_Normal,Actinic_Keratosis"
data/SkinDisease/SkinDisease/test/Lupus/lupus-acute-11.jpeg,Lupus,Vasculitis,0.6351309418678284,False,"Vasculitis,Sun_Sunlight_Damage,DrugEruption,Infestations_Bites,Eczema"
data/SkinDisease/SkinDisease/test/Lupus/lupus-acute-35.jpeg,Lupus,Lupus,0.997108519077301,True,"Lupus,Tinea,Sun_Sunlight_Damage,Vasculitis,Psoriasis"
data/SkinDisease/SkinDisease/test/Lupus/lupus-acute-54.jpeg,Lupus,Lupus,0.8968073725700378,True,"Lupus,Actinic_Keratosis,Rosacea,Eczema,Psoriasis"
data/SkinDisease/SkinDisease/test/Lupus/lupus-acute-7.jpeg,Lupus,Psoriasis,0.9850538372993469,False,"Psoriasis,Eczema,Lupus,Actinic_Keratosis,DrugEruption"
data/SkinDisease/SkinDisease/test/Lupus/lupus-chronic-cutaneous-1.jpeg,Lupus,Vitiligo,0.566007137298584,False,"Vitiligo,Psoriasis,Lupus,Lichen,Unknown_Normal"
data/SkinDisease/SkinDisease/test/Lupus/lupus-chronic-cutaneous-100.jpeg,Lupus,Benign_tumors,0.9476902484893799,False,"Benign_tumors,SkinCancer,Eczema,Psoriasis,Warts"
data/SkinDisease/SkinDisease/test/Lupus/lupus-chronic-cutaneous-111.jpeg,Lupus,Benign_tumors,0.9747990369796753,False,"Benign_tumors,Eczema,SkinCancer,Tinea,Sun_Sunlight_Damage"
data/SkinDisease/SkinDisease/test/Lupus/lupus-chronic-cutaneous-118.jpeg,Lupus,Lupus,0.7894875407218933,True,"Lupus,Vitiligo,Lichen,Infestations_Bites,Benign_tumors"
data/SkinDisease/SkinDisease/test/Lupus/lupus-chronic-cutaneous-131.jpeg,Lupus,Lupus,0.9985595345497131,True,"Lupus,Vitiligo,Rosacea,DrugEruption,Acne"
data/SkinDisease/SkinDisease/test/Lupus/lupus-chronic-cutaneous-138.jpeg,Lupus,Lupus,0.9904500842094421,True,"Lupus,Vasculitis,Infestations_Bites,Benign_tumors,Sun_Sunlight_Damage"
data/SkinDisease/SkinDisease/test/Lupus/lupus-chronic-cutaneous-17.jpeg,Lupus,Lupus,0.9006173014640808,True,"Lupus,SkinCancer,Lichen,Vasculitis,Tinea"
data/SkinDisease/SkinDisease/test/Lupus/lupus-chronic-cutaneous-21.jpeg,Lupus,Lupus,0.9998445510864258,True,"Lupus,Psoriasis,Actinic_Keratosis,Vitiligo,Tinea"
data/SkinDisease/SkinDisease/test/Lupus/lupus-chronic-cutaneous-22.jpeg,Lupus,SkinCancer,0.53684401512146,False,"SkinCancer,Lupus,Benign_tumors,Actinic_Keratosis,Lichen"
data/SkinDisease/SkinDisease/test/Lupus/lupus-chronic-cutaneous-32.jpeg,Lupus,DrugEruption,0.2221222072839737,False,"DrugEruption,Lupus,Actinic_Keratosis,Acne,Rosacea"
data/SkinDisease/SkinDisease/test/Lupus/lupus-chronic-cutaneous-344.jpeg,Lupus,Tinea,0.4162159562110901,False,"Tinea,Benign_tumors,Lupus,Psoriasis,Lichen"
data/SkinDisease/SkinDisease/test/Lupus/lupus-chronic-cutaneous-41.jpeg,Lupus,Lupus,0.9956894516944885,True,"Lupus,Rosacea,Acne,Sun_Sunlight_Damage,Vascular_Tumors"
data/SkinDisease/SkinDisease/test/Lupus/lupus-chronic-cutaneous-68.jpeg,Lupus,Lupus,0.9983084201812744,True,"Lupus,Tinea,Lichen,SkinCancer,Benign_tumors"
data/SkinDisease/SkinDisease/test/Lupus/lupus-chronic-cutaneous-74.jpeg,Lupus,Lupus,0.9999675750732422,True,"Lupus,Vascular_Tumors,Actinic_Keratosis,Sun_Sunlight_Damage,Rosacea"
data/SkinDisease/SkinDisease/test/Lupus/lupus-chronic-cutaneous-96.jpeg,Lupus,Lichen,0.700016438961029,False,"Lichen,Benign_tumors,Infestations_Bites,Eczema,Actinic_Keratosis"
data/SkinDisease/SkinDisease/test/Lupus/lupus-erythematosus-tumidus-00003__ProtectWyJQcm90ZWN0Il0_FocusFillWzI5NCwyMjIsInkiLDg1XQ.jpeg,Lupus,Actinic_Keratosis,0.9939888715744019,False,"Actinic_Keratosis,Acne,Lupus,Vascular_Tumors,Infestations_Bites"
data/SkinDisease/SkinDisease/test/Lupus/sle-03__ProtectWyJQcm90ZWN0Il0_FocusFillWzI5NCwyMjIsIngiLDFd.jpeg,Lupus,Acne,0.4200771450996399,False,"Acne,Psoriasis,Lupus,Rosacea,Lichen"
data/SkinDisease/SkinDisease/test/Lupus/subacute-lupus-02__ProtectWyJQcm90ZWN0Il0_FocusFillWzI5NCwyMjIsInkiLDk3XQ.JPG.jpeg,Lupus,Acne,0.45377177000045776,False,"Acne,Lupus,Rosacea,Eczema,Lichen"
data/SkinDisease/SkinDisease/test/Moles/3157__ProtectWyJQcm90ZWN0Il0_FocusFillWzI5NCwyMjIsInkiLDE2XQ.jpeg,Moles,Lichen,0.7425497174263,False,"Lichen,Moles,Actinic_Keratosis,Warts,Seborrh_Keratoses"
data/SkinDisease/SkinDisease/test/Moles/3164__ProtectWyJQcm90ZWN0Il0_FocusFillWzI5NCwyMjIsIngiLDFd.jpeg,Moles,Moles,0.9966076612472534,True,"Moles,Actinic_Keratosis,Infestations_Bites,Benign_tumors,Acne"
data/SkinDisease/SkinDisease/test/Moles/3178__ProtectWyJQcm90ZWN0Il0_FocusFillWzI5NCwyMjIsIngiLDFd.jpeg,Moles,Moles,0.9992502331733704,True,"Moles,Sun_Sunlight_Damage,Actinic_Keratosis,Vitiligo,Lupus"
data/SkinDisease/SkinDisease/test/Moles/atypical-nevi-31.jpeg,Moles,Moles,0.6880002021789551,True,"Moles,SkinCancer,Seborrh_Keratoses,Benign_tumors,Sun_Sunlight_Damage"
data/SkinDisease/SkinDisease/test/Moles/atypical-nevi-37.jpeg,Moles,Moles,0.9756583571434021,True,"Moles,Vascular_Tumors,Benign_tumors,Seborrh_Keratoses,SkinCancer"
data/SkinDisease/SkinDisease/test/Moles/atypical-nevi-50.jpeg,Moles,Moles,0.9998247027397156,True,"Moles,Sun_Sunlight_Damage,SkinCancer,Seborrh_Keratoses,Vasculitis"
data/SkinDisease/SkinDisease/test/Moles/atypical-nevi-dermoscopy-62.jpeg,Moles,Benign_tumors,0.9888699054718018,False,"Benign_tumors,Moles,SkinCancer,Vascular_Tumors,Actinic_Keratosis"
data/SkinDisease/SkinDisease/test/Moles/atypical-nevi-dermoscopy-69.jpeg,Moles,Moles,0.7394287586212158,True,"Moles,Sun_Sunlight_Damage,Tinea,Benign_tumors,Actinic_Keratosis"
data/SkinDisease/SkinDisease/test/Moles/atypical-nevi-dermoscopy-75.jpeg,Moles,Moles,0.9583314657211304,True,"Moles,Benign_tumors,Seborrh_Keratoses,SkinCancer,Sun_Sunlight_Damage"
data/SkinDisease/SkinDisease/test/Moles/atypical-nevi-dermoscopy-80.jpeg,Moles,Moles,0.9989036321640015,True,"Moles,Sun_Sunlight_Damage,Eczema,Vascular_Tumors,Vasculitis"
data/SkinDisease/SkinDisease/test/Moles/atypical-nevi-trunk-14.jpeg,Moles,Moles,0.9989128112792969,True,"Moles,Vascular_Tumors,Seborrh_Keratoses,Sun_Sunlight_Damage,SkinCancer"
data/SkinDisease/SkinDisease/test/Moles/atypical-nevi-trunk-8.jpeg,Moles,Acne,0.7641577124595642,False,"Acne,Vascular_Tumors,Moles,Psoriasis,DrugEruption"
data/SkinDisease/SkinDisease/test/Moles/becker-nevus-3.jpeg,Moles,Moles,0.8924238085746765,True,"Moles,Benign_tumors,Sun_Sunlight_Damage,Lichen,SkinCancer"
data/SkinDisease/SkinDisease/test/Moles/blue-nevus-ota-5.jpeg,Moles,Vascular_Tumors,0.8762068152427673,False,"Vascular_Tumors,Moles,Benign_tumors,SkinCancer,DrugEruption"
data/SkinDisease/SkinDisease/test/Moles/congenital-nevus-27.jpeg,Moles,Benign_tumors,0.6240893602371216,False,"Benign_tumors,Tinea,Moles,Vascular_Tumors,SkinCancer"
data/SkinDisease/SkinDisease/test/Moles/congenital-nevus-34.jpeg,Moles,Moles,0.9945342540740967,True,"Moles,SkinCancer,Vasculitis,Seborrh_Keratoses,Sun_Sunlight_Damage"
data/SkinDisease/SkinDisease/test/Moles/congenital-nevus-44.jpeg,Moles,Moles,0.9999960660934448,True,"Moles,Seborrh_Keratoses,Sun_Sunlight_Damage,Benign_tumors,Vasculitis"
data/SkinDisease/SkinDisease/test/Moles/congenital-nevus-45.jpeg,Moles,Moles,0.9999935626983643,True,"Moles,Seborrh_Keratoses,Sun_Sunlight_Damage,Benign_tumors,Eczema"
data/SkinDisease/SkinDisease/test/Moles/congenital-nevus-46.jpeg,Moles,Moles,0.9993863105773926,True,"Moles,Seborrh_Keratoses,Sun_Sunlight_Damage,SkinCancer,Vitiligo"
data/SkinDisease/SkinDisease/test/Moles/congenital-nevus-48.jpeg,Moles,Moles,0.9961475133895874,True,"Moles,Seborrh_Keratoses,Sun_Sunlight_Damage,SkinCancer,Vasculitis"
data/SkinDisease/SkinDisease/test/Moles/lentigo-maligna-10.jpeg,Moles,Sun_Sunlight_Damage,0.6797516345977783,False,"Sun_Sunlight_Damage,Seborrh_Keratoses,Benign_tumors,Moles,Actinic_Keratosis"
data/SkinDisease/SkinDisease/test/Moles/lentigo-maligna-15.jpeg,Moles,Eczema,0.7550046443939209,False,"Eczema,SkinCancer,Benign_tumors,Tinea,Warts"
data/SkinDisease/SkinDisease/test/Moles/lentigo-maligna-2.jpeg,Moles,SkinCancer,0.985466718673706,False,"SkinCancer,Seborrh_Keratoses,Moles,Sun_Sunlight_Damage,Actinic_Keratosis"
data/SkinDisease/SkinDisease/test/Moles/melanocytic-nevi-18.jpeg,Moles,Seborrh_Keratoses,0.4386107921600342,False,"Seborrh_Keratoses,Moles,SkinCancer,Sun_Sunlight_Damage,Benign_tumors"
data/SkinDisease/SkinDisease/test/Moles/melanocytic-nevi-29.jpeg,Moles,Moles,0.9995844960212708,True,"Moles,Seborrh_Keratoses,Vascular_Tumors,Sun_Sunlight_Damage,SkinCancer"
data/SkinDisease/SkinDisease/test/Moles/melanocytic-nevi-42.jpeg,Moles,Moles,0.9989101886749268,True,"Moles,Benign_tumors,Warts,Vascular_Tumors,Sun_Sunlight_Damage"
data/SkinDisease/SkinDisease/test/Moles/melanocytic-nevi-48.jpeg,Moles,Benign_tumors,0.9972544312477112,False,"Benign_tumors,Warts,Moles,Seborrh_Keratoses,Sun_Sunlight_Damage"
data/SkinDisease/SkinDisease/test/Moles/melanocytic-nevi-52.jpeg,Moles,Moles,0.9997907280921936,True,"Moles,Seborrh_Keratoses,Benign_tumors,Sun_Sunlight_Damage,SkinCancer"
data/SkinDisease/SkinDisease/test/Moles/melanocytic-nevi-59.jpeg,Moles,Moles,0.9976744055747986,True,"Moles,Seborrh_Keratoses,Sun_Sunlight_Damage,SkinCancer,Vascular_Tumors"
data/SkinDisease/SkinDisease/test/Moles/melanocytic-nevi-67.jpeg,Moles,Benign_tumors,0.5504023432731628,False,"Benign_tumors,Warts,Seborrh_Keratoses,SkinCancer,Acne"
data/SkinDisease/SkinDisease/test/Moles/melanocytic-nevi-70.jpeg,Moles,Benign_tumors,0.9684808254241943,False,"Benign_tumors,Moles,SkinCancer,Warts,Vascular_Tumors"
data/SkinDisease/SkinDisease/test/Moles/melanocytic-nevi-74.jpeg,Moles,Moles,0.9749003648757935,True,"Moles,Seborrh_Keratoses,Sun_Sunlight_Damage,SkinCancer,Actinic_Keratosis"
data/SkinDisease/SkinDisease/test/Moles/melanocytic-nevi-82.jpeg,Moles,Moles,0.7895781993865967,True,"Moles,Benign_tumors,Warts,Eczema,SkinCancer"
data/SkinDisease/SkinDisease/test/Moles/melanocytic-nevi-89.jpeg,Moles,Benign_tumors,0.707987368106842,False,"Benign_tumors,SkinCancer,Moles,Seborrh_Keratoses,Vascular_Tumors"
data/SkinDisease/SkinDisease/test/Moles/melanocytic-nevi-98.jpeg,Moles,Vascular_Tumors,0.9978156089782715,False,"Vascular_Tumors,Moles,SkinCancer,Warts,Benign_tumors"
data/SkinDisease/SkinDisease/test/Moles/melanotic-macule-11.jpeg,Moles,Vascular_Tumors,0.8472835421562195,False,"Vascular_Tumors,Actinic_Keratosis,Benign_tumors,Lichen,Moles"
data/SkinDisease/SkinDisease/test/Moles/nevus-spilus-26.jpeg,Moles,Benign_tumors,0.9204682111740112,False,"Benign_tumors,Moles,Sun_Sunlight_Damage,SkinCancer,Vasculitis"
data/SkinDisease/SkinDisease/test/Moles/nevus-spilus-34.jpeg,Moles,Moles,0.9995324611663818,True,"Moles,Benign_tumors,Sun_Sunlight_Damage,Warts,Tinea"
data/SkinDisease/SkinDisease/test/Moles/nevus-spilus-5.jpeg,Moles,Moles,0.9990656971931458,True,"Moles,Seborrh_Keratoses,Sun_Sunlight_Damage,Vasculitis,SkinCancer"
data/SkinDisease/SkinDisease/test/Moles/nevus-spilus-7.jpeg,Moles,Moles,0.995179295539856,True,"Moles,Seborrh_Keratoses,Vasculitis,Sun_Sunlight_Damage,Benign_tumors"
data/SkinDisease/SkinDisease/test/Psoriasis/Psoriasis-Anus-12.jpeg,Psoriasis,Candidiasis,0.5011524558067322,False,"Candidiasis,Psoriasis,Warts,Tinea,Lichen"
data/SkinDisease/SkinDisease/test/Psoriasis/Psoriasis-Anus-16.jpeg,Psoriasis,Psoriasis,0.9450032711029053,True,"Psoriasis,Lichen,Candidiasis,Eczema,Bullous"
data/SkinDisease/SkinDisease/test/Psoriasis/Psoriasis-Anus-7.jpeg,Psoriasis,Psoriasis,0.9872855544090271,True,"Psoriasis,Benign_tumors,Eczema,Lichen,Tinea"
data/SkinDisease/SkinDisease/test/Psoriasis/Psoriasis-Chronic-Plaque-109.jpeg,Psoriasis,Psoriasis,0.9832879900932312,True,"Psoriasis,Eczema,Tinea,Bullous,Lichen"
data/SkinDisease/SkinDisease/test/Psoriasis/Psoriasis-Chronic-Plaque-118.jpeg,Psoriasis,Warts,0.9707961678504944,False,"Warts,Psoriasis,Lichen,Bullous,Eczema"
data/SkinDisease/SkinDisease/test/Psoriasis/Psoriasis-Chronic-Plaque-12.jpeg,Psoriasis,Psoriasis,0.990348219871521,True,"Psoriasis,Eczema,Vasculitis,Bullous,Tinea"
data/SkinDisease/SkinDisease/test/Psoriasis/Psoriasis-Chronic-Plaque-123.jpeg,Psoriasis,Psoriasis,0.9986374974250793,True,"Psoriasis,Lichen,Eczema,Tinea,Warts"
data/SkinDisease/SkinDisease/test/Psoriasis/Psoriasis-Chronic-Plaque-130.jpeg,Psoriasis,Warts,0.973337709903717,False,"Warts,Lupus,Lichen,Psoriasis,Bullous"
data/SkinDisease/SkinDisease/test/Psoriasis/Psoriasis-Chronic-Plaque-149.jpeg,Psoriasis,Psoriasis,0.9999954700469971,True,"Psoriasis,Eczema,Warts,Infestations_Bites,Tinea"
data/SkinDisease/SkinDisease/test/Psoriasis/Psoriasis-Chronic-Plaque-15.jpeg,Psoriasis,Psoriasis,0.9992738366127014,True,"Psoriasis,Bullous,Eczema,SkinCancer,Tinea"
data/SkinDisease/SkinDisease/test/Psoriasis/Psoriasis-Chronic-Plaque-154.jpeg,Psoriasis,Psoriasis,0.9982433319091797,True,"Psoriasis,Eczema,Lichen,Lupus,Vasculitis"
data/SkinDisease/SkinDisease/test/Psoriasis/Psoriasis-Chronic-Plaque-164.jpeg,Psoriasis,Psoriasis,0.8951869606971741,True,"Psoriasis,Tinea,Candidiasis,Lichen,Bullous"
data/SkinDisease/SkinDisease/test/Psoriasis/Psoriasis-Chronic-Plaque-18.jpeg,Psoriasis,Psoriasis,0.9804455637931824,True,"Psoriasis,Eczema,Bullous,Vasculitis,Actinic_Keratosis"
data/SkinDisease/SkinDisease/test/Psoriasis/Psoriasis-Chronic-Plaque-183.jpeg,Psoriasis,Psoriasis,0.9998077750205994,True,"Psoriasis,Eczema,Lupus,Lichen,Actinic_Keratosis"
data/SkinDisease/SkinDisease/test/Psoriasis/Psoriasis-Chronic-Plaque-193.jpeg,Psoriasis,Psoriasis,0.999796450138092,True,"Psoriasis,Eczema,Lichen,Tinea,Lupus"
data/SkinDisease/SkinDisease/test/Psoriasis/Psoriasis-Chronic-Plaque-89.jpeg,Psoriasis,Eczema,0.9621999263763428,False,"Eczema,Psoriasis,Tinea,Bullous,Acne"
data/SkinDisease/SkinDisease/test/Psoriasis/Psoriasis-Chronic-Plaque-97.jpeg,Psoriasis,Psoriasis,0.9998071789741516,True,"Psoriasis,Tinea,Lichen,Lupus,Eczema"
data/SkinDisease/SkinDisease/test/Psoriasis/Psoriasis-Guttate-118.jpeg,Psoriasis,Psoriasis,0.9998682737350464,True,"Psoriasis,Tinea,Eczema,Lichen,DrugEruption"
data/SkinDisease/SkinDisease/test/Psoriasis/Psoriasis-Guttate-24.jpeg,Psoriasis,Psoriasis,0.7424541711807251,True,"Psoriasis,DrugEruption,Lichen,Vasculitis,Eczema"
data/SkinDisease/SkinDisease/test/Psoriasis/Psoriasis-Guttate-26.jpeg,Psoriasis,Psoriasis,0.9184674024581909,True,"Psoriasis,Vasculitis,Eczema,Benign_tumors,Lichen"
data/SkinDisease/SkinDisease/test/Psoriasis/Psoriasis-Guttate-33.jpeg,Psoriasis,Eczema,0.6108266115188599,False,"Eczema,Psoriasis,Warts,Bullous,Tinea"
data/SkinDisease/SkinDisease/test/Psoriasis/Psoriasis-Guttate-36.jpeg,Psoriasis,Psoriasis,0.9877254366874695,True,"Psoriasis,Vasculitis,DrugEruption,Eczema,Tinea"
data/SkinDisease/SkinDisease/test/Psoriasis/Psoriasis-Guttate-38.jpeg,Psoriasis,Psoriasis,0.9965496063232422,True,"Psoriasis,Vasculitis,DrugEruption,Eczema,Lichen"
data/SkinDisease/SkinDisease/test/Psoriasis/Psoriasis-Guttate-4.jpeg,Psoriasis,Psoriasis,0.9932542443275452,True,"Psoriasis,Vasculitis,DrugEruption,Acne,Eczema"
data/SkinDisease/SkinDisease/test/Psoriasis/Psoriasis-Guttate-40.jpeg,Psoriasis,Psoriasis,0.7370513081550598,True,"Psoriasis,DrugEruption,Lichen,Eczema,Vasculitis"
data/SkinDisease/SkinDisease/test/Psoriasis/Psoriasis-Guttate-41.jpeg,Psoriasis,Psoriasis,0.9729067087173462,True,"Psoriasis,Vasculitis,Sun_Sunlight_Damage,DrugEruption,Tinea"
data/SkinDisease/SkinDisease/test/Psoriasis/Psoriasis-Guttate-61.jpeg,Psoriasis,Psoriasis,0.9252496957778931,True,"Psoriasis,DrugEruption,Acne,Eczema,Vasculitis"
data/SkinDisease/SkinDisease/test/Psoriasis/Psoriasis-Guttate-63.jpeg,Psoriasis,Psoriasis,0.9927115440368652,True,"Psoriasis,Vasculitis,Bullous,Eczema,DrugEruption"
data/SkinDisease/SkinDisease/test/Psoriasis/Psoriasis-Guttate-69.jpeg,Psoriasis,Tinea,0.879152238368988,False,"Tinea,Sun_Sunlight_Damage,Warts,Infestations_Bites,DrugEruption"
data/SkinDisease/SkinDisease/test/Psoriasis/Psoriasis-Guttate-77.jpeg,Psoriasis,Psoriasis,0.9975152015686035,True,"Psoriasis,Eczema,Vasculitis,Tinea,Vascular_Tumors"
data/SkinDisease/SkinDisease/test/Psoriasis/Psoriasis-Guttate-87.jpeg,Psoriasis,Lichen,0.8926814794540405,False,"Lichen,Infestations_Bites,Vasculitis,Eczema,Psoriasis"
data/SkinDisease/SkinDisease/test/Psoriasis/Psoriasis-Hand-2.jpeg,Psoriasis,Vasculitis,0.8889354467391968,False,"Vasculitis,Psoriasis,DrugEruption,Eczema,Infestations_Bites"
data/SkinDisease/SkinDisease/test/Psoriasis/Psoriasis-Hand-25.jpeg,Psoriasis,Psoriasis,0.9998818635940552,True,"Psoriasis,Eczema,DrugEruption,Lichen,Tinea"
data/SkinDisease/SkinDisease/test/Psoriasis/Psoriasis-Hand-27.jpeg,Psoriasis,Psoriasis,0.999951958656311,True,"Psoriasis,Eczema,Candidiasis,Tinea,Lichen"
data/SkinDisease/SkinDisease/test/Psoriasis/Psoriasis-Hand-28.jpeg,Psoriasis,Psoriasis,0.999640941619873,True,"Psoriasis,DrugEruption,Lichen,Eczema,Bullous"
data/SkinDisease/SkinDisease/test/Psoriasis/Psoriasis-Hand-30.jpeg,Psoriasis,Psoriasis,0.9823415279388428,True,"Psoriasis,Eczema,DrugEruption,Lichen,Tinea"
data/SkinDisease/SkinDisease/test/Psoriasis/Psoriasis-Hand-41.jpeg,Psoriasis,Psoriasis,0.9949710369110107,True,"Psoriasis,DrugEruption,Lichen,Actinic_Keratosis,Eczema"
data/SkinDisease/SkinDisease/test/Psoriasis/Psoriasis-Hand-47.jpeg,Psoriasis,Psoriasis,0.9820296168327332,True,"Psoriasis,Eczema,Actinic_Keratosis,Vasculitis,Sun_Sunlight_Damage"
data/SkinDisease/SkinDisease/test/Psoriasis/Psoriasis-Hand-57.jpeg,Psoriasis,Psoriasis,0.946270763874054,True,"Psoriasis,Lichen,Warts,Eczema,Lupus"
data/SkinDisease/SkinDisease/test/Psoriasis/Psoriasis-Interferon-Injection-08230423.jpeg,Psoriasis,Vasculitis,0.987661600112915,False,"Vasculitis,Psoriasis,Lupus,SkinCancer,Eczema"
data/SkinDisease/SkinDisease/test/Psoriasis/Psoriasis-Light-Sensative-8.jpeg,Psoriasis,Psoriasis,0.999981164932251,True,"Psoriasis,Lupus,Eczema,Lichen,DrugEruption"
data/SkinDisease/SkinDisease/test/Psoriasis/Psoriasis-arthritis-2.jpeg,Psoriasis,Vasculitis,0.7403128743171692,False,"Vasculitis,Bullous,Psoriasis,DrugEruption,Lichen"
data/SkinDisease/SkinDisease/test/Psoriasis/Psoriasis-inversus-23.jpeg,Psoriasis,Psoriasis,0.660347580909729,True,"Psoriasis,Candidiasis,Tinea,Infestations_Bites,Bullous"
data/SkinDisease/SkinDisease/test/Psoriasis/Psoriasis-inversus-31.jpeg,Psoriasis,Psoriasis,0.7155598998069763,True,"Psoriasis,Tinea,Candidiasis,Lichen,Eczema"
data/SkinDisease/SkinDisease/test/Psoriasis/Psoriasis-nails-17.jpeg,Psoriasis,Vascular_Tumors,0.7864766120910645,False,"Vascular_Tumors,Psoriasis,Benign_tumors,Vasculitis,Eczema"
data/SkinDisease/SkinDisease/test/Psoriasis/Psoriasis-nails-23.jpeg,Psoriasis,Lichen,0.5100325345993042,False,"Lichen,Psoriasis,Actinic_Keratosis,Eczema,DrugEruption"
data/SkinDisease/SkinDisease/test/Psoriasis/Psoriasis-nails-28.jpeg,Psoriasis,Psoriasis,0.9867678284645081,True,"Psoriasis,Tinea,Vasculitis,Eczema,Lichen"
data/SkinDisease/SkinDisease/test/Psoriasis/Psoriasis-nails-7.jpeg,Psoriasis,Psoriasis,0.9951255917549133,True,"Psoriasis,Lichen,Warts,Benign_tumors,Tinea"
data/SkinDisease/SkinDisease/test/Psoriasis/Psoriasis-penis-6.jpeg,Psoriasis,Warts,0.7923495173454285,False,"Warts,Psoriasis,Bullous,Eczema,Infestations_Bites"
data/SkinDisease/SkinDisease/test/Psoriasis/Psoriasis-sunburn-2.jpeg,Psoriasis,Vascular_Tumors,0.9785184860229492,False,"Vascular_Tumors,DrugEruption,Tinea,Benign_tumors,Candidiasis"
data/SkinDisease/SkinDisease/test/Psoriasis/Psoriasis-sunburn-3.jpeg,Psoriasis,Vascular_Tumors,0.405215859413147,False,"Vascular_Tumors,SkinCancer,Benign_tumors,DrugEruption,Vasculitis"
data/SkinDisease/SkinDisease/test/Psoriasis/Psoriasis-treatment-1.jpeg,Psoriasis,DrugEruption,0.8130619525909424,False,"DrugEruption,Rosacea,Sun_Sunlight_Damage,Eczema,Psoriasis"
data/SkinDisease/SkinDisease/test/Psoriasis/facial-psoriasis-001__ProtectWyJQcm90ZWN0Il0_FocusFillWzI5NCwyMjIsIngiLDE5XQ.jpeg,Psoriasis,Actinic_Keratosis,0.39995077252388,False,"Actinic_Keratosis,Lupus,Rosacea,Acne,Tinea"
data/SkinDisease/SkinDisease/test/Psoriasis/psoriasis-erythrodermic-10.jpeg,Psoriasis,Psoriasis,0.9969989061355591,True,"Psoriasis,Eczema,Tinea,Candidiasis,Infestations_Bites"
data/SkinDisease/SkinDisease/test/Psoriasis/psoriasis-erythrodermic-25.jpeg,Psoriasis,Psoriasis,0.999855637550354,True,"Psoriasis,Eczema,Actinic_Keratosis,Lupus,Benign_tumors"
data/SkinDisease/SkinDisease/test/Psoriasis/psoriasis-erythrodermic-26.jpeg,Psoriasis,Psoriasis,0.9997202754020691,True,"Psoriasis,Eczema,Actinic_Keratosis,Benign_tumors,Sun_Sunlight_Damage"
data/SkinDisease/SkinDisease/test/Psoriasis/psoriasis-erythrodermic-27.jpeg,Psoriasis,Psoriasis,0.9998902082443237,True,"Psoriasis,Eczema,Tinea,Candidiasis,Warts"
data/SkinDisease/SkinDisease/test/Psoriasis/psoriasis-erythrodermic-9.jpeg,Psoriasis,Psoriasis,0.999950647354126,True,"Psoriasis,Eczema,Tinea,Lichen,DrugEruption"
data/SkinDisease/SkinDisease/test/Psoriasis/psoriasis-palms-soles-104.jpeg,Psoriasis,Psoriasis,0.9976711869239807,True,"Psoriasis,Eczema,Tinea,DrugEruption,Lichen"
data/SkinDisease/SkinDisease/test/Psoriasis/psoriasis-palms-soles-106.jpeg,Psoriasis,Psoriasis,0.9999630451202393,True,"Psoriasis,Eczema,Lichen,DrugEruption,Warts"
data/SkinDisease/SkinDisease/test/Psoriasis/psoriasis-palms-soles-114.jpeg,Psoriasis,Psoriasis,0.9825551509857178,True,"Psoriasis,Lichen,Eczema,Tinea,DrugEruption"
data/SkinDisease/SkinDisease/test/Psoriasis/psoriasis-palms-soles-124.jpeg,Psoriasis,Bullous,0.6051393747329712,False,"Bullous,Vasculitis,SkinCancer,Warts,Tinea"
data/SkinDisease/SkinDisease/test/Psoriasis/psoriasis-palms-soles-127.jpeg,Psoriasis,Eczema,0.8922349214553833,False,"Eczema,Psoriasis,Tinea,Sun_Sunlight_Damage,Lichen"
data/SkinDisease/SkinDisease/test/Psoriasis/psoriasis-palms-soles-13.jpeg,Psoriasis,Psoriasis,0.9932512640953064,True,"Psoriasis,Lichen,Tinea,DrugEruption,Eczema"
data/SkinDisease/SkinDisease/test/Psoriasis/psoriasis-palms-soles-147.jpeg,Psoriasis,Warts,0.5527928471565247,False,"Warts,Psoriasis,Eczema,Seborrh_Keratoses,Tinea"
data/SkinDisease/SkinDisease/test/Psoriasis/psoriasis-palms-soles-156.jpeg,Psoriasis,Psoriasis,0.9987866282463074,True,"Psoriasis,Eczema,Lichen,Warts,DrugEruption"
data/SkinDisease/SkinDisease/test/Psoriasis/psoriasis-palms-soles-16.jpeg,Psoriasis,Psoriasis,0.8875684142112732,True,"Psoriasis,Lichen,Eczema,Tinea,Warts"
data/SkinDisease/SkinDisease/test/Psoriasis/psoriasis-palms-soles-177.jpeg,Psoriasis,Tinea,0.8050185441970825,False,"Tinea,Psoriasis,Eczema,Vasculitis,Lichen"
data/SkinDisease/SkinDisease/test/Psoriasis/psoriasis-palms-soles-187.jpeg,Psoriasis,Eczema,0.9595435261726379,False,"Eczema,Sun_Sunlight_Damage,Psoriasis,DrugEruption,Tinea"
data/SkinDisease/SkinDisease/test/Psoriasis/psoriasis-palms-soles-196.jpeg,Psoriasis,Lichen,0.9596495628356934,False,"Lichen,Psoriasis,Eczema,Infestations_Bites,DrugEruption"
data/SkinDisease/SkinDisease/test/Psoriasis/psoriasis-palms-soles-91.jpeg,Psoriasis,Psoriasis,0.9992934465408325,True,"Psoriasis,Eczema,Tinea,Lichen,Warts"
data/SkinDisease/SkinDisease/test/Psoriasis/psoriasis-pustular-generalized-1.jpeg,Psoriasis,Psoriasis,0.9896232485771179,True,"Psoriasis,Eczema,Lichen,DrugEruption,SkinCancer"
data/SkinDisease/SkinDisease/test/Psoriasis/psoriasis-pustular-generalized-13.jpeg,Psoriasis,Psoriasis,0.9898806810379028,True,"Psoriasis,Vasculitis,DrugEruption,Eczema,Infestations_Bites"
data/SkinDisease/SkinDisease/test/Psoriasis/psoriasis-pustular-generalized-16.jpeg,Psoriasis,Candidiasis,0.9475421905517578,False,"Candidiasis,Psoriasis,Tinea,Lupus,Lichen"
data/SkinDisease/SkinDisease/test/Psoriasis/psoriasis-pustular-generalized-21.jpeg,Psoriasis,Psoriasis,0.3619897961616516,True,"Psoriasis,Acne,Warts,Tinea,Lupus"
data/SkinDisease/SkinDisease/test/Psoriasis/psoriasis-pustular-generalized-30.jpeg,Psoriasis,Sun_Sunlight_Damage,0.7567775249481201,False,"Sun_Sunlight_Damage,Lupus,Tinea,Psoriasis,Actinic_Keratosis"
data/SkinDisease/SkinDisease/test/Psoriasis/psoriasis-pustular-generalized-55.jpeg,Psoriasis,Eczema,0.7242311835289001,False,"Eczema,Vasculitis,DrugEruption,Tinea,SkinCancer"
data/SkinDisease/SkinDisease/test/Psoriasis/psoriasis-scalp-50.jpeg,Psoriasis,Psoriasis,0.9999936819076538,True,"Psoriasis,Eczema,Tinea,Lupus,Warts"
data/SkinDisease/SkinDisease/test/Psoriasis/psoriasis-scalp-56.jpeg,Psoriasis,Psoriasis,0.9995848536491394,True,"Psoriasis,Tinea,Warts,Candidiasis,Eczema"
data/SkinDisease/SkinDisease/test/Psoriasis/psoriasis-scalp-57.jpeg,Psoriasis,Psoriasis,0.9999905824661255,True,"Psoriasis,Eczema,Lichen,Tinea,Actinic_Keratosis"
data/SkinDisease/SkinDisease/test/Psoriasis/psoriasis-scalp-70.jpeg,Psoriasis,Psoriasis,0.9961813688278198,True,"Psoriasis,Tinea,Lupus,Eczema,Candidiasis"
data/SkinDisease/SkinDisease/test/Psoriasis/psoriasis-scalp-74.jpeg,Psoriasis,Psoriasis,0.9999884366989136,True,"Psoriasis,Eczema,Tinea,Benign_tumors,Lupus"
data/SkinDisease/SkinDisease/test/Psoriasis/psoriasis-scalp-83.jpeg,Psoriasis,Moles,0.5602268576622009,False,"Moles,Benign_tumors,Lupus,Tinea,Vitiligo"
data/SkinDisease/SkinDisease/test/Psoriasis/psoriasis-scalp-9.jpeg,Psoriasis,Psoriasis,0.9997559189796448,True,"Psoriasis,Tinea,Eczema,Candidiasis,Lichen"
data/SkinDisease/SkinDisease/test/Psoriasis/psoriasis-scalp-92.jpeg,Psoriasis,Psoriasis,0.9996291399002075,True,"Psoriasis,Tinea,Eczema,DrugEruption,Lichen"
data/SkinDisease/SkinDisease/test/Psoriasis/psoriasis-scalp-95.jpeg,Psoriasis,Psoriasis,0.5155403017997742,True,"Psoriasis,Benign_tumors,Moles,Vascular_Tumors,Tinea"
data/SkinDisease/SkinDisease/test/Psoriasis/scalp-psoriasis-0003__ProtectWyJQcm90ZWN0Il0_FocusFillWzI5NCwyMjIsIngiLDFd.jpeg,Psoriasis,Psoriasis,0.9998626708984375,True,"Psoriasis,Lupus,Lichen,Actinic_Keratosis,Eczema"
data/SkinDisease/SkinDisease/test/Psoriasis/scalp-psoriasis-0006__ProtectWyJQcm90ZWN0Il0_FocusFillWzI5NCwyMjIsIngiLDFd.jpeg,Psoriasis,Psoriasis,0.9995808005332947,True,"Psoriasis,Actinic_Keratosis,Bullous,Vitiligo,Lupus"
data/SkinDisease/SkinDisease/test/Rosacea/07RosaceaOK0828063.jpeg,Rosacea,Actinic_Keratosis,0.5112291574478149,False,"Actinic_Keratosis,Rosacea,Eczema,Sun_Sunlight_Damage,SkinCancer"
data/SkinDisease/SkinDisease/test/Rosacea/3634__ProtectWyJQcm90ZWN0Il0_FocusFillWzI5NCwyMjIsIngiLDBd.jpeg,Rosacea,Acne,0.9998201727867126,False,"Acne,Rosacea,Tinea,Lupus,Eczema"
data/SkinDisease/SkinDisease/test/Rosacea/3637__ProtectWyJQcm90ZWN0Il0_FocusFillWzI5NCwyMjIsIngiLDFd.jpeg,Rosacea,Rosacea,0.3572995662689209,True,"Rosacea,Actinic_Keratosis,Benign_tumors,Lupus,Sun_Sunlight_Damage"
data/SkinDisease/SkinDisease/test/Rosacea/3648__ProtectWyJQcm90ZWN0Il0_FocusFillWzI5NCwyMjIsIngiLDFd.jpeg,Rosacea,Rosacea,0.998736560344696,True,"Rosacea,Actinic_Keratosis,Sun_Sunlight_Damage,Lupus,Eczema"
data/SkinDisease/SkinDisease/test/Rosacea/rosacea-0009__ProtectWyJQcm90ZWN0Il0_FocusFillWzI5NCwyMjIsIngiLDFd.jpeg,Rosacea,Rosacea,0.9997287392616272,True,"Rosacea,Actinic_Keratosis,DrugEruption,Lupus,Acne"
data/SkinDisease/SkinDisease/test/Rosacea/rosacea-0019__ProtectWyJQcm90ZWN0Il0_FocusFillWzI5NCwyMjIsIngiLDFd.jpeg,Rosacea,Actinic_Keratosis,0.2714579403400421,False,"Actinic_Keratosis,Bullous,Rosacea,Tinea,Candidiasis"
data/SkinDisease/SkinDisease/test/Rosacea/rosacea-104.jpeg,Rosacea,Rosacea,0.9761745929718018,True,"Rosacea,Acne,Lupus,Eczema,Sun_Sunlight_Damage"
data/SkinDisease/SkinDisease/test/Rosacea/rosacea-109.jpeg,Rosacea,Rosacea,0.7213863730430603,True,"Rosacea,Sun_Sunlight_Damage,Eczema,DrugEruption,Tinea"
data/SkinDisease/SkinDisease/test/Rosacea/rosacea-114.jpeg,Rosacea,Rosacea,0.9885140061378479,True,"Rosacea,Eczema,Actinic_Keratosis,Sun_Sunlight_Damage,Lupus"
data/SkinDisease/SkinDisease/test/Rosacea/rosacea-14.jpeg,Rosacea,Rosacea,0.99054354429245,True,"Rosacea,Eczema,Actinic_Keratosis,Sun_Sunlight_Damage,Lupus"
data/SkinDisease/SkinDisease/test/Rosacea/rosacea-26.jpeg,Rosacea,Rosacea,0.9820978045463562,True,"Rosacea,Vascular_Tumors,Acne,Eczema,Actinic_Keratosis"
data/SkinDisease/SkinDisease/test/Rosacea/rosacea-53.jpeg,Rosacea,Rosacea,0.9991782307624817,True,"Rosacea,Sun_Sunlight_Damage,Lupus,Vascular_Tumors,Eczema"
data/SkinDisease/SkinDisease/test/Rosacea/rosacea-54.jpeg,Rosacea,Vascular_Tumors,0.46181321144104004,False,"Vascular_Tumors,Rosacea,Eczema,Lupus,DrugEruption"
data/SkinDisease/SkinDisease/test/Rosacea/rosacea-60.jpeg,Rosacea,Rosacea,0.9999147653579712,True,"Rosacea,Eczema,Actinic_Keratosis,Sun_Sunlight_Damage,Lupus"
data/SkinDisease/SkinDisease/test/Rosacea/rosacea-62.jpeg,Rosacea,Benign_tumors,0.7119975686073303,False,"Benign_tumors,Sun_Sunlight_Damage,Eczema,SkinCancer,DrugEruption"
data/SkinDisease/SkinDisease/test/Rosacea/rosacea-70.jpeg,Rosacea,Rosacea,0.9967294931411743,True,"Rosacea,Tinea,Lupus,Vascular_Tumors,Eczema"
data/SkinDisease/SkinDisease/test/Rosacea/rosacea-73.jpeg,Rosacea,Rosacea,0.5953468680381775,True,"Rosacea,Sun_Sunlight_Damage,Actinic_Keratosis,SkinCancer,Benign_tumors"
data/SkinDisease/SkinDisease/test/Rosacea/rosacea-80.jpeg,Rosacea,Rosacea,0.9922661185264587,True,"Rosacea,Actinic_Keratosis,Eczema,Tinea,SkinCancer"
data/SkinDisease/SkinDisease/test/Rosacea/rosacea-85.jpeg,Rosacea,Rosacea,0.9829933643341064,True,"Rosacea,Vascular_Tumors,Sun_Sunlight_Damage,Benign_tumors,Tinea"
data/SkinDisease/SkinDisease/test/Rosacea/rosacea-94.jpeg,Rosacea,Lupus,0.4626723527908325,False,"Lupus,Rosacea,Actinic_Keratosis,Eczema,Lichen"
data/SkinDisease/SkinDisease/test/Rosacea/rosacea-nose-12.jpeg,Rosacea,Rosacea,0.9996668100357056,True,"Rosacea,Eczema,Sun_Sunlight_Damage,Benign_tumors,Lupus"
data/SkinDisease/SkinDisease/test/Rosacea/rosacea-nose-17.jpeg,Rosacea,Rosacea,0.8726336359977722,True,"Rosacea,Actinic_Keratosis,Sun_Sunlight_Damage,Acne,Eczema"
data/SkinDisease/SkinDisease/test/Rosacea/rosacea-nose-22.jpeg,Rosacea,Rosacea,0.9921971559524536,True,"Rosacea,Sun_Sunlight_Damage,Vascular_Tumors,Actinic_Keratosis,Eczema"
data/SkinDisease/SkinDisease/test/Rosacea/rosacea-nose-29.jpeg,Rosacea,Rosacea,0.9998624324798584,True,"Rosacea,Actinic_Keratosis,Lupus,Sun_Sunlight_Damage,Eczema"
data/SkinDisease/SkinDisease/test/Rosacea/rosacea-nose-40.jpeg,Rosacea,Rosacea,0.9998468160629272,True,"Rosacea,Actinic_Keratosis,Lupus,Sun_Sunlight_Damage,Eczema"
data/SkinDisease/SkinDisease/test/Rosacea/rosacea-nose-5.jpeg,Rosacea,Rosacea,0.9788025617599487,True,"Rosacea,Sun_Sunlight_Damage,Eczema,Vascular_Tumors,Benign_tumors"
data/SkinDisease/SkinDisease/test/Rosacea/rosacea-nose-50.jpeg,Rosacea,Rosacea,0.9950827360153198,True,"Rosacea,Lupus,Acne,Benign_tumors,Vascular_Tumors"
data/SkinDisease/SkinDisease/test/Rosacea/rosacea-nose-62.jpeg,Rosacea,Rosacea,0.9998739957809448,True,"Rosacea,Lupus,Actinic_Keratosis,Sun_Sunlight_Damage,Eczema"
data/SkinDisease/SkinDisease/test/Seborrh_Keratoses/sebks08__ProtectWyJQcm90ZWN0Il0_FocusFillWzI5NCwyMjIsInkiLDVd.jpeg,Seborrh_Keratoses,Seborrh_Keratoses,0.9474179148674011,True,"Seborrh_Keratoses,Actinic_Keratosis,SkinCancer,Warts,Benign_tumors"
data/SkinDisease/SkinDisease/test/Seborrh_Keratoses/sebks38__ProtectWyJQcm90ZWN0Il0_FocusFillWzI5NCwyMjIsInkiLDM2XQ.jpeg,Seborrh_Keratoses,Vascular_Tumors,0.4354875981807709,False,"Vascular_Tumors,Seborrh_Keratoses,Actinic_Keratosis,SkinCancer,Sun_Sunlight_Damage"
data/SkinDisease/SkinDisease/test/Seborrh_Keratoses/sebks50__ProtectWyJQcm90ZWN0Il0_FocusFillWzI5NCwyMjIsIngiLDFd.jpeg,Seborrh_Keratoses,Sun_Sunlight_Damage,0.9564859867095947,False,"Sun_Sunlight_Damage,Seborrh_Keratoses,Actinic_Keratosis,Vasculitis,Moles"
data/SkinDisease/SkinDisease/test/Seborrh_Keratoses/sebks54__ProtectWyJQcm90ZWN0Il0_FocusFillWzI5NCwyMjIsInkiLDM2XQ.jpeg,Seborrh_Keratoses,Seborrh_Keratoses,0.9974072575569153,True,"Seborrh_Keratoses,Actinic_Keratosis,Psoriasis,Benign_tumors,Warts"
data/SkinDisease/SkinDisease/test/Seborrh_Keratoses/seborrheic-keratoses-ruff-101.jpeg,Seborrh_Keratoses,Moles,0.9586215615272522,False,"Moles,Seborrh_Keratoses,SkinCancer,Benign_tumors,Vascular_Tumors"
data/SkinDisease/SkinDisease/test/Seborrh_Keratoses/seborrheic-keratoses-ruff-102.jpeg,Seborrh_Keratoses,Moles,0.9910315275192261,False,"Moles,Seborrh_Keratoses,Benign_tumors,SkinCancer,Vascular_Tumors"
data/SkinDisease/SkinDisease/test/Seborrh_Keratoses/seborrheic-keratoses-ruff-108.jpeg,Seborrh_Keratoses,Warts,0.8088576793670654,False,"Warts,Actinic_Keratosis,Sun_Sunlight_Damage,Benign_tumors,Lichen"
data/SkinDisease/SkinDisease/test/Seborrh_Keratoses/seborrheic-keratoses-ruff-112.jpeg,Seborrh_Keratoses,Seborrh_Keratoses,0.966144859790802,True,"Seborrh_Keratoses,Sun_Sunlight_Damage,Moles,Actinic_Keratosis,Benign_tumors"
data/SkinDisease/SkinDisease/test/Seborrh_Keratoses/seborrheic-keratoses-ruff-114.jpeg,Seborrh_Keratoses,Seborrh_Keratoses,0.7631077766418457,True,"Seborrh_Keratoses,SkinCancer,Sun_Sunlight_Damage,Moles,Actinic_Keratosis"
data/SkinDisease/SkinDisease/test/Seborrh_Keratoses/seborrheic-keratoses-ruff-120.jpeg,Seborrh_Keratoses,Moles,0.4851023554801941,False,"Moles,Seborrh_Keratoses,Benign_tumors,Sun_Sunlight_Damage,SkinCancer"
data/SkinDisease/SkinDisease/test/Seborrh_Keratoses/seborrheic-keratoses-ruff-143.jpeg,Seborrh_Keratoses,Seborrh_Keratoses,0.9999436140060425,True,"Seborrh_Keratoses,SkinCancer,Benign_tumors,Moles,Sun_Sunlight_Damage"
data/SkinDisease/SkinDisease/test/Seborrh_Keratoses/seborrheic-keratoses-ruff-145.jpeg,Seborrh_Keratoses,Seborrh_Keratoses,0.9999725818634033,True,"Seborrh_Keratoses,Moles,Benign_tumors,SkinCancer,Warts"
data/SkinDisease/SkinDisease/test/Seborrh_Keratoses/seborrheic-keratoses-ruff-146.jpeg,Seborrh_Keratoses,Seborrh_Keratoses,0.765859067440033,True,"Seborrh_Keratoses,Warts,Benign_tumors,Actinic_Keratosis,Moles"
data/SkinDisease/SkinDisease/test/Seborrh_Keratoses/seborrheic-keratoses-ruff-173.jpeg,Seborrh_Keratoses,Seborrh_Keratoses,0.9999512434005737,True,"Seborrh_Keratoses,SkinCancer,Moles,Sun_Sunlight_Damage,Actinic_Keratosis"
data/SkinDisease/SkinDisease/test/Seborrh_Keratoses/seborrheic-keratoses-ruff-177.jpeg,Seborrh_Keratoses,Seborrh_Keratoses,0.999710738658905,True,"Seborrh_Keratoses,Moles,SkinCancer,Benign_tumors,Sun_Sunlight_Damage"
data/SkinDisease/SkinDisease/test/Seborrh_Keratoses/seborrheic-keratoses-ruff-179.jpeg,Seborrh_Keratoses,Seborrh_Keratoses,0.8678203821182251,True,"Seborrh_Keratoses,Benign_tumors,Moles,SkinCancer,Warts"
data/SkinDisease/SkinDisease/test/Seborrh_Keratoses/seborrheic-keratoses-ruff-18.jpeg,Seborrh_Keratoses,Seborrh_Keratoses,0.9244390726089478,True,"Seborrh_Keratoses,SkinCancer,Sun_Sunlight_Damage,Benign_tumors,Moles"
data/SkinDisease/SkinDisease/test/Seborrh_Keratoses/seborrheic-keratoses-ruff-190.jpeg,Seborrh_Keratoses,Benign_tumors,0.9684393405914307,False,"Benign_tumors,Seborrh_Keratoses,Warts,Actinic_Keratosis,Lichen"
data/SkinDisease/SkinDisease/test/Seborrh_Keratoses/seborrheic-keratoses-ruff-95.jpeg,Seborrh_Keratoses,Seborrh_Keratoses,0.9996596574783325,True,"Seborrh_Keratoses,Moles,Benign_tumors,SkinCancer,Vasculitis"
data/SkinDisease/SkinDisease/test/Seborrh_Keratoses/seborrheic-keratoses-smooth-101.jpeg,Seborrh_Keratoses,Seborrh_Keratoses,0.9999860525131226,True,"Seborrh_Keratoses,SkinCancer,Moles,Warts,Benign_tumors"
data/SkinDisease/SkinDisease/test/Seborrh_Keratoses/seborrheic-keratoses-smooth-102.jpeg,Seborrh_Keratoses,Seborrh_Keratoses,0.9550348520278931,True,"Seborrh_Keratoses,Vascular_Tumors,Actinic_Keratosis,Benign_tumors,Moles"
data/SkinDisease/SkinDisease/test/Seborrh_Keratoses/seborrheic-keratoses-smooth-114.jpeg,Seborrh_Keratoses,Seborrh_Keratoses,0.9983237385749817,True,"Seborrh_Keratoses,Warts,Vascular_Tumors,Moles,SkinCancer"
data/SkinDisease/SkinDisease/test/Seborrh_Keratoses/seborrheic-keratoses-smooth-126.jpeg,Seborrh_Keratoses,Seborrh_Keratoses,0.9976663589477539,True,"Seborrh_Keratoses,Moles,SkinCancer,Benign_tumors,Vasculitis"
data/SkinDisease/SkinDisease/test/Seborrh_Keratoses/seborrheic-keratoses-smooth-33.jpeg,Seborrh_Keratoses,Seborrh_Keratoses,0.999919056892395,True,"Seborrh_Keratoses,Moles,SkinCancer,Benign_tumors,Vascular_Tumors"
data/SkinDisease/SkinDisease/test/Seborrh_Keratoses/seborrheic-keratoses-smooth-62.jpeg,Seborrh_Keratoses,Seborrh_Keratoses,0.9979839324951172,True,"Seborrh_Keratoses,SkinCancer,Moles,Actinic_Keratosis,Benign_tumors"
data/SkinDisease/SkinDisease/test/Seborrh_Keratoses/seborrheic-keratoses-smooth-67.jpeg,Seborrh_Keratoses,Seborrh_Keratoses,0.9997696280479431,True,"Seborrh_Keratoses,Moles,SkinCancer,Sun_Sunlight_Damage,Actinic_Keratosis"
data/SkinDisease/SkinDisease/test/Seborrh_Keratoses/seborrheic-keratoses-smooth-79.jpeg,Seborrh_Keratoses,Seborrh_Keratoses,0.9999790191650391,True,"Seborrh_Keratoses,Moles,Benign_tumors,SkinCancer,Warts"
data/SkinDisease/SkinDisease/test/Seborrh_Keratoses/seborrheic-keratoses-smooth-8.jpeg,Seborrh_Keratoses,Seborrh_Keratoses,0.8204084038734436,True,"Seborrh_Keratoses,SkinCancer,Sun_Sunlight_Damage,Actinic_Keratosis,Moles"
data/SkinDisease/SkinDisease/test/Seborrh_Keratoses/seborrheic-keratosis-irritated-103.jpeg,Seborrh_Keratoses,Seborrh_Keratoses,0.9101361036300659,True,"Seborrh_Keratoses,Benign_tumors,Actinic_Keratosis,Warts,SkinCancer"
data/SkinDisease/SkinDisease/test/Seborrh_Keratoses/seborrheic-keratosis-irritated-110.jpeg,Seborrh_Keratoses,Seborrh_Keratoses,0.9998385906219482,True,"Seborrh_Keratoses,SkinCancer,Moles,Warts,Benign_tumors"
data/SkinDisease/SkinDisease/test/Seborrh_Keratoses/seborrheic-keratosis-irritated-116.jpeg,Seborrh_Keratoses,Warts,0.8539412021636963,False,"Warts,Seborrh_Keratoses,Benign_tumors,Eczema,Actinic_Keratosis"
data/SkinDisease/SkinDisease/test/Seborrh_Keratoses/seborrheic-keratosis-irritated-117.jpeg,Seborrh_Keratoses,Sun_Sunlight_Damage,0.5975284576416016,False,"Sun_Sunlight_Damage,Seborrh_Keratoses,Actinic_Keratosis,SkinCancer,Vascular_Tumors"
data/SkinDisease/SkinDisease/test/Seborrh_Keratoses/seborrheic-keratosis-irritated-119.jpeg,Seborrh_Keratoses,Benign_tumors,0.9034622311592102,False,"Benign_tumors,Seborrh_Keratoses,SkinCancer,Actinic_Keratosis,Warts"
data/SkinDisease/SkinDisease/test/Seborrh_Keratoses/seborrheic-keratosis-irritated-120.jpeg,Seborrh_Keratoses,Seborrh_Keratoses,0.9969738721847534,True,"Seborrh_Keratoses,Benign_tumors,Moles,Lichen,SkinCancer"
data/SkinDisease/SkinDisease/test/Seborrh_Keratoses/seborrheic-keratosis-irritated-130.jpeg,Seborrh_Keratoses,Warts,0.9773618578910828,False,"Warts,Seborrh_Keratoses,Benign_tumors,Moles,Bullous"
data/SkinDisease/SkinDisease/test/Seborrh_Keratoses/seborrheic-keratosis-irritated-144.jpeg,Seborrh_Keratoses,Seborrh_Keratoses,0.9911296367645264,True,"Seborrh_Keratoses,SkinCancer,Actinic_Keratosis,Benign_tumors,Moles"
data/SkinDisease/SkinDisease/test/Seborrh_Keratoses/seborrheic-keratosis-irritated-161.jpeg,Seborrh_Keratoses,Seborrh_Keratoses,0.9999856948852539,True,"Seborrh_Keratoses,Moles,SkinCancer,Benign_tumors,Warts"
data/SkinDisease/SkinDisease/test/Seborrh_Keratoses/seborrheic-keratosis-irritated-162.jpeg,Seborrh_Keratoses,Benign_tumors,0.9791727066040039,False,"Benign_tumors,Seborrh_Keratoses,SkinCancer,Warts,Vascular_Tumors"
data/SkinDisease/SkinDisease/test/Seborrh_Keratoses/seborrheic-keratosis-irritated-165.jpeg,Seborrh_Keratoses,Benign_tumors,0.6390224695205688,False,"Benign_tumors,SkinCancer,Acne,Moles,Bullous"
data/SkinDisease/SkinDisease/test/Seborrh_Keratoses/seborrheic-keratosis-irritated-19.jpeg,Seborrh_Keratoses,Seborrh_Keratoses,0.9804468154907227,True,"Seborrh_Keratoses,SkinCancer,Actinic_Keratosis,Sun_Sunlight_Damage,Moles"
data/SkinDisease/SkinDisease/test/Seborrh_Keratoses/seborrheic-keratosis-irritated-21.jpeg,Seborrh_Keratoses,Seborrh_Keratoses,0.948020339012146,True,"Seborrh_Keratoses,Moles,Warts,Benign_tumors,Vascular_Tumors"
data/SkinDisease/SkinDisease/test/Seborrh_Keratoses/seborrheic-keratosis-irritated-9.jpeg,Seborrh_Keratoses,Seborrh_Keratoses,0.9945989847183228,True,"Seborrh_Keratoses,Warts,Moles,Benign_tumors,Eczema"
data/SkinDisease/SkinDisease/test/Seborrh_Keratoses/seborrheic-keratosis-irritated-91.jpeg,Seborrh_Keratoses,Seborrh_Keratoses,0.9513578414916992,True,"Seborrh_Keratoses,SkinCancer,Moles,Vasculitis,Eczema"
data/SkinDisease/SkinDisease/test/Seborrh_Keratoses/seborrheic-keratosis-irritated-98.jpeg,Seborrh_Keratoses,Eczema,0.4322105050086975,False,"Eczema,Sun_Sunlight_Damage,Rosacea,Seborrh_Keratoses,Actinic_Keratosis"
data/SkinDisease/SkinDisease/test/Seborrh_Keratoses/stucco-keratoses-2.jpeg,Seborrh_Keratoses,Seborrh_Keratoses,0.41443806886672974,True,"Seborrh_Keratoses,Sun_Sunlight_Damage,Tinea,Bullous,Warts"
data/SkinDisease/SkinDisease/test/Seborrh_Keratoses/stucco-keratoses-20.jpeg,Seborrh_Keratoses,Seborrh_Keratoses,0.8568801283836365,True,"Seborrh_Keratoses,Lichen,Benign_tumors,Vasculitis,Tinea"
data/SkinDisease/SkinDisease/test/Seborrh_Keratoses/stucco-keratoses-22.jpeg,Seborrh_Keratoses,Seborrh_Keratoses,0.4980120062828064,True,"Seborrh_Keratoses,Warts,Benign_tumors,Moles,Vasculitis"
data/SkinDisease/SkinDisease/test/Seborrh_Keratoses/stucco-keratoses-26.jpeg,Seborrh_Keratoses,Benign_tumors,0.6120032668113708,False,"Benign_tumors,Actinic_Keratosis,Tinea,Warts,Vascular_Tumors"
data/SkinDisease/SkinDisease/test/Seborrh_Keratoses/stucco-keratoses-32.jpeg,Seborrh_Keratoses,Eczema,0.9238868355751038,False,"Eczema,Vasculitis,Seborrh_Keratoses,Moles,SkinCancer"
data/SkinDisease/SkinDisease/test/Seborrh_Keratoses/stucco-keratoses-42.jpeg,Seborrh_Keratoses,Seborrh_Keratoses,0.9830091595649719,True,"Seborrh_Keratoses,Benign_tumors,Tinea,SkinCancer,Eczema"
data/SkinDisease/SkinDisease/test/Seborrh_Keratoses/stucco-keratoses-48.jpeg,Seborrh_Keratoses,Lichen,0.6846098899841309,False,"Lichen,Vitiligo,Vasculitis,Seborrh_Keratoses,Benign_tumors"
data/SkinDisease/SkinDisease/test/SkinCancer/basal-cell-carcinoma-aldara-1.jpeg,SkinCancer,SkinCancer,0.8966298699378967,True,"SkinCancer,Vasculitis,Bullous,Lichen,Vascular_Tumors"
data/SkinDisease/SkinDisease/test/SkinCancer/basal-cell-carcinoma-arm-2.jpeg,SkinCancer,Sun_Sunlight_Damage,0.5609003305435181,False,"Sun_Sunlight_Damage,Benign_tumors,Actinic_Keratosis,SkinCancer,Vascular_Tumors"
data/SkinDisease/SkinDisease/test/SkinCancer/basal-cell-carcinoma-ear-16.jpeg,SkinCancer,Benign_tumors,0.8626286387443542,False,"Benign_tumors,Actinic_Keratosis,SkinCancer,Moles,Infestations_Bites"
data/SkinDisease/SkinDisease/test/SkinCancer/basal-cell-carcinoma-ear-19.jpeg,SkinCancer,Benign_tumors,0.923728346824646,False,"Benign_tumors,Vascular_Tumors,Warts,SkinCancer,Vasculitis"
data/SkinDisease/SkinDisease/test/SkinCancer/basal-cell-carcinoma-ear-20.jpeg,SkinCancer,Benign_tumors,0.9824795722961426,False,"Benign_tumors,SkinCancer,Acne,Lichen,Sun_Sunlight_Damage"
data/SkinDisease/SkinDisease/test/SkinCancer/basal-cell-carcinoma-ear-36.jpeg,SkinCancer,Moles,0.597125768661499,False,"Moles,Benign_tumors,SkinCancer,Warts,Vascular_Tumors"
data/SkinDisease/SkinDisease/test/SkinCancer/basal-cell-carcinoma-ear-39.jpeg,SkinCancer,SkinCancer,0.9020766019821167,True,"SkinCancer,Benign_tumors,Vascular_Tumors,Actinic_Keratosis,Moles"
data/SkinDisease/SkinDisease/test/SkinCancer/basal-cell-carcinoma-ear-7.jpeg,SkinCancer,Vasculitis,0.5628949999809265,False,"Vasculitis,SkinCancer,Infestations_Bites,Benign_tumors,Vascular_Tumors"
data/SkinDisease/SkinDisease/test/SkinCancer/basal-cell-carcinoma-face-14.jpeg,SkinCancer,Moles,0.6386900544166565,False,"Moles,SkinCancer,Benign_tumors,Warts,Lichen"
data/SkinDisease/SkinDisease/test/SkinCancer/basal-cell-carcinoma-face-25.jpeg,SkinCancer,Benign_tumors,0.5195857882499695,False,"Benign_tumors,SkinCancer,Actinic_Keratosis,Seborrh_Keratoses,Vascular_Tumors"
data/SkinDisease/SkinDisease/test/SkinCancer/basal-cell-carcinoma-face-29.jpeg,SkinCancer,SkinCancer,0.9734482765197754,True,"SkinCancer,Seborrh_Keratoses,Acne,Bullous,Benign_tumors"
data/SkinDisease/SkinDisease/test/SkinCancer/basal-cell-carcinoma-face-38.jpeg,SkinCancer,SkinCancer,0.9640265107154846,True,"SkinCancer,Vasculitis,Vascular_Tumors,Benign_tumors,Bullous"
data/SkinDisease/SkinDisease/test/SkinCancer/basal-cell-carcinoma-face-42.jpeg,SkinCancer,SkinCancer,0.9869456887245178,True,"SkinCancer,Benign_tumors,Vascular_Tumors,Actinic_Keratosis,Acne"
data/SkinDisease/SkinDisease/test/SkinCancer/basal-cell-carcinoma-lesion-100.jpeg,SkinCancer,SkinCancer,0.9952062964439392,True,"SkinCancer,Benign_tumors,Seborrh_Keratoses,Moles,Vascular_Tumors"
data/SkinDisease/SkinDisease/test/SkinCancer/basal-cell-carcinoma-lesion-109.jpeg,SkinCancer,Benign_tumors,0.5956371426582336,False,"Benign_tumors,SkinCancer,Vascular_Tumors,Moles,Actinic_Keratosis"
data/SkinDisease/SkinDisease/test/SkinCancer/basal-cell-carcinoma-lesion-110.jpeg,SkinCancer,SkinCancer,0.9999469518661499,True,"SkinCancer,Benign_tumors,Seborrh_Keratoses,Moles,Actinic_Keratosis"
data/SkinDisease/SkinDisease/test/SkinCancer/basal-cell-carcinoma-lesion-118.jpeg,SkinCancer,Benign_tumors,0.8682535290718079,False,"Benign_tumors,SkinCancer,Warts,Moles,Vascular_Tumors"
data/SkinDisease/SkinDisease/test/SkinCancer/basal-cell-carcinoma-lesion-119.jpeg,SkinCancer,Benign_tumors,0.8942192196846008,False,"Benign_tumors,SkinCancer,Moles,Vascular_Tumors,Eczema"
data/SkinDisease/SkinDisease/test/SkinCancer/basal-cell-carcinoma-lesion-131.jpeg,SkinCancer,SkinCancer,0.9107908010482788,True,"SkinCancer,Benign_tumors,Moles,Seborrh_Keratoses,Vascular_Tumors"
data/SkinDisease/SkinDisease/test/SkinCancer/basal-cell-carcinoma-lesion-137.jpeg,SkinCancer,Benign_tumors,0.9512505531311035,False,"Benign_tumors,Seborrh_Keratoses,SkinCancer,Actinic_Keratosis,Moles"
data/SkinDisease/SkinDisease/test/SkinCancer/basal-cell-carcinoma-lesion-22.jpeg,SkinCancer,SkinCancer,0.9025623202323914,True,"SkinCancer,Moles,Eczema,Vascular_Tumors,Seborrh_Keratoses"
data/SkinDisease/SkinDisease/test/SkinCancer/basal-cell-carcinoma-lesion-31.jpeg,SkinCancer,SkinCancer,0.8587066531181335,True,"SkinCancer,Eczema,Benign_tumors,Vasculitis,Sun_Sunlight_Damage"
data/SkinDisease/SkinDisease/test/SkinCancer/basal-cell-carcinoma-lesion-33.jpeg,SkinCancer,SkinCancer,0.6879984736442566,True,"SkinCancer,Actinic_Keratosis,Benign_tumors,Warts,Vascular_Tumors"
data/SkinDisease/SkinDisease/test/SkinCancer/basal-cell-carcinoma-lesion-36.jpeg,SkinCancer,SkinCancer,0.9990875720977783,True,"SkinCancer,Actinic_Keratosis,Sun_Sunlight_Damage,Moles,Benign_tumors"
data/SkinDisease/SkinDisease/test/SkinCancer/basal-cell-carcinoma-lesion-44.jpeg,SkinCancer,SkinCancer,0.6539555191993713,True,"SkinCancer,Eczema,Benign_tumors,Actinic_Keratosis,Infestations_Bites"
data/SkinDisease/SkinDisease/test/SkinCancer/basal-cell-carcinoma-lesion-46.jpeg,SkinCancer,SkinCancer,0.999907374382019,True,"SkinCancer,Seborrh_Keratoses,Moles,Sun_Sunlight_Damage,Vasculitis"
data/SkinDisease/SkinDisease/test/SkinCancer/basal-cell-carcinoma-lesion-50.jpeg,SkinCancer,Benign_tumors,0.9499790668487549,False,"Benign_tumors,Seborrh_Keratoses,Warts,Acne,SkinCancer"
data/SkinDisease/SkinDisease/test/SkinCancer/basal-cell-carcinoma-lesion-54.jpeg,SkinCancer,SkinCancer,0.9995287656784058,True,"SkinCancer,Vascular_Tumors,Seborrh_Keratoses,Vasculitis,Benign_tumors"
data/SkinDisease/SkinDisease/test/SkinCancer/basal-cell-carcinoma-lid-34.jpeg,SkinCancer,Benign_tumors,0.9763461351394653,False,"Benign_tumors,SkinCancer,Vascular_Tumors,Rosacea,Acne"
data/SkinDisease/SkinDisease/test/SkinCancer/basal-cell-carcinoma-lip-14.jpeg,SkinCancer,SkinCancer,0.9650664925575256,True,"SkinCancer,Benign_tumors,Actinic_Keratosis,Bullous,Vascular_Tumors"
data/SkinDisease/SkinDisease/test/SkinCancer/basal-cell-carcinoma-lip-31.jpeg,SkinCancer,Actinic_Keratosis,0.4038830101490021,False,"Actinic_Keratosis,Benign_tumors,Acne,SkinCancer,Warts"
data/SkinDisease/SkinDisease/test/SkinCancer/basal-cell-carcinoma-lip-6.jpeg,SkinCancer,Benign_tumors,0.6232913136482239,False,"Benign_tumors,SkinCancer,Vascular_Tumors,Acne,Moles"
data/SkinDisease/SkinDisease/test/SkinCancer/basal-cell-carcinoma-nose-19.jpeg,SkinCancer,Sun_Sunlight_Damage,0.4496546685695648,False,"Sun_Sunlight_Damage,SkinCancer,Vasculitis,Eczema,Benign_tumors"
data/SkinDisease/SkinDisease/test/SkinCancer/basal-cell-carcinoma-nose-38.jpeg,SkinCancer,Benign_tumors,0.3854023814201355,False,"Benign_tumors,Moles,SkinCancer,DrugEruption,Sun_Sunlight_Damage"
data/SkinDisease/SkinDisease/test/SkinCancer/basal-cell-carcinoma-nose-47.jpeg,SkinCancer,SkinCancer,0.9802637696266174,True,"SkinCancer,Benign_tumors,Vascular_Tumors,Acne,Actinic_Keratosis"
data/SkinDisease/SkinDisease/test/SkinCancer/basal-cell-carcinoma-nose-66.jpeg,SkinCancer,SkinCancer,0.9975934624671936,True,"SkinCancer,Vascular_Tumors,Seborrh_Keratoses,Moles,Actinic_Keratosis"
data/SkinDisease/SkinDisease/test/SkinCancer/basal-cell-carcinoma-pigmented-32.jpeg,SkinCancer,SkinCancer,0.3741133213043213,True,"SkinCancer,Benign_tumors,Tinea,Vascular_Tumors,Seborrh_Keratoses"
data/SkinDisease/SkinDisease/test/SkinCancer/basal-cell-carcinoma-pigmented-64.jpeg,SkinCancer,SkinCancer,0.9904282093048096,True,"SkinCancer,Vascular_Tumors,Moles,Sun_Sunlight_Damage,Benign_tumors"
data/SkinDisease/SkinDisease/test/SkinCancer/basal-cell-carcinoma-pigmented-67.jpeg,SkinCancer,Seborrh_Keratoses,0.9297767877578735,False,"Seborrh_Keratoses,SkinCancer,Benign_tumors,Sun_Sunlight_Damage,Actinic_Keratosis"
data/SkinDisease/SkinDisease/test/SkinCancer/basal-cell-carcinoma-scalp-15.jpeg,SkinCancer,SkinCancer,0.894324004650116,True,"SkinCancer,Benign_tumors,Actinic_Keratosis,Warts,Vascular_Tumors"
data/SkinDisease/SkinDisease/test/SkinCancer/basal-cell-carcinoma-scalp-2.jpeg,SkinCancer,SkinCancer,0.9875897169113159,True,"SkinCancer,Benign_tumors,Actinic_Keratosis,Tinea,Eczema"
data/SkinDisease/SkinDisease/test/SkinCancer/basal-cell-carcinoma-superficial-1.jpeg,SkinCancer,SkinCancer,0.9840260744094849,True,"SkinCancer,Seborrh_Keratoses,Benign_tumors,Infestations_Bites,Moles"
data/SkinDisease/SkinDisease/test/SkinCancer/basal-cell-carcinoma-superficial-18.jpeg,SkinCancer,SkinCancer,0.999897837638855,True,"SkinCancer,Seborrh_Keratoses,Vascular_Tumors,Moles,Vasculitis"
data/SkinDisease/SkinDisease/test/SkinCancer/basal-cell-carcinoma-superficial-20.jpeg,SkinCancer,SkinCancer,0.9999949932098389,True,"SkinCancer,Benign_tumors,Seborrh_Keratoses,Moles,Vasculitis"
data/SkinDisease/SkinDisease/test/SkinCancer/basal-cell-carcinoma-superficial-22.jpeg,SkinCancer,SkinCancer,0.9481385946273804,True,"SkinCancer,Actinic_Keratosis,Seborrh_Keratoses,Vascular_Tumors,Lupus"
data/SkinDisease/SkinDisease/test/SkinCancer/basal-cell-carcinoma-superficial-23.jpeg,SkinCancer,SkinCancer,0.9278249144554138,True,"SkinCancer,Seborrh_Keratoses,Moles,Actinic_Keratosis,Lupus"
data/SkinDisease/SkinDisease/test/SkinCancer/basal-cell-carcinoma-superficial-3.jpeg,SkinCancer,SkinCancer,0.6554391384124756,True,"SkinCancer,Vasculitis,Bullous,Psoriasis,Lichen"
data/SkinDisease/SkinDisease/test/SkinCancer/basal-cell-carcinoma-superficial-30.jpeg,SkinCancer,SkinCancer,0.9633103013038635,True,"SkinCancer,Moles,Seborrh_Keratoses,Eczema,Vasculitis"
data/SkinDisease/SkinDisease/test/SkinCancer/basal-cell-carcinoma-superficial-31.jpeg,SkinCancer,SkinCancer,0.9505988359451294,True,"SkinCancer,Benign_tumors,Bullous,Lupus,Actinic_Keratosis"
data/SkinDisease/SkinDisease/test/SkinCancer/basal-cell-carcinoma-superficial-36.jpeg,SkinCancer,SkinCancer,0.7835241556167603,True,"SkinCancer,Benign_tumors,Warts,Lupus,Bullous"
data/SkinDisease/SkinDisease/test/SkinCancer/basal-cell-carcinoma-superficial-5.jpeg,SkinCancer,Actinic_Keratosis,0.9853535890579224,False,"Actinic_Keratosis,SkinCancer,Benign_tumors,Seborrh_Keratoses,Sun_Sunlight_Damage"
data/SkinDisease/SkinDisease/test/SkinCancer/basal-cell-carcinoma-superficial-52.jpeg,SkinCancer,SkinCancer,0.9591487050056458,True,"SkinCancer,Vasculitis,Moles,Vascular_Tumors,Seborrh_Keratoses"
data/SkinDisease/SkinDisease/test/SkinCancer/basal-cell-carcinoma-superficial-55.jpeg,SkinCancer,Moles,0.898690402507782,False,"Moles,Seborrh_Keratoses,SkinCancer,Benign_tumors,Sun_Sunlight_Damage"
data/SkinDisease/SkinDisease/test/SkinCancer/basal-cell-carcinoma-superficial-60.jpeg,SkinCancer,SkinCancer,0.9988288283348083,True,"SkinCancer,Seborrh_Keratoses,Benign_tumors,Moles,Actinic_Keratosis"
data/SkinDisease/SkinDisease/test/SkinCancer/basal-cell-carcinoma-superficial-61.jpeg,SkinCancer,SkinCancer,0.4471374452114105,True,"SkinCancer,Vasculitis,Sun_Sunlight_Damage,Infestations_Bites,Tinea"
data/SkinDisease/SkinDisease/test/SkinCancer/basal-cell-carcinoma-surgery-4.jpeg,SkinCancer,SkinCancer,0.6941041350364685,True,"SkinCancer,Vascular_Tumors,Vasculitis,Infestations_Bites,Acne"
data/SkinDisease/SkinDisease/test/SkinCancer/basal-cell-nevus-syndrome-17.jpeg,SkinCancer,Vasculitis,0.3530624806880951,False,"Vasculitis,SkinCancer,Vascular_Tumors,Infestations_Bites,Eczema"
data/SkinDisease/SkinDisease/test/SkinCancer/ctcl-110.jpeg,SkinCancer,DrugEruption,0.5535807013511658,False,"DrugEruption,Sun_Sunlight_Damage,Eczema,SkinCancer,Vasculitis"
data/SkinDisease/SkinDisease/test/SkinCancer/ctcl-118.jpeg,SkinCancer,Lupus,0.5316008925437927,False,"Lupus,Vasculitis,SkinCancer,Bullous,Seborrh_Keratoses"
data/SkinDisease/SkinDisease/test/SkinCancer/ctcl-3.jpeg,SkinCancer,SkinCancer,0.9996127486228943,True,"SkinCancer,Eczema,Actinic_Keratosis,Sun_Sunlight_Damage,Seborrh_Keratoses"
data/SkinDisease/SkinDisease/test/SkinCancer/ctcl-4.jpeg,SkinCancer,SkinCancer,0.9769394993782043,True,"SkinCancer,Lupus,Benign_tumors,Actinic_Keratosis,Sun_Sunlight_Damage"
data/SkinDisease/SkinDisease/test/SkinCancer/ctcl-41.jpeg,SkinCancer,SkinCancer,0.9471133947372437,True,"SkinCancer,Vasculitis,DrugEruption,Lichen,Bullous"
data/SkinDisease/SkinDisease/test/SkinCancer/ctcl-43.jpeg,SkinCancer,Eczema,0.4894091486930847,False,"Eczema,Psoriasis,Tinea,Sun_Sunlight_Damage,Benign_tumors"
data/SkinDisease/SkinDisease/test/SkinCancer/ctcl-74.jpeg,SkinCancer,Vasculitis,0.9944397211074829,False,"Vasculitis,SkinCancer,Vascular_Tumors,Sun_Sunlight_Damage,Eczema"
data/SkinDisease/SkinDisease/test/SkinCancer/ctcl-8.jpeg,SkinCancer,SkinCancer,0.9964499473571777,True,"SkinCancer,Moles,Bullous,Vasculitis,Sun_Sunlight_Damage"
data/SkinDisease/SkinDisease/test/SkinCancer/ctcl-92.jpeg,SkinCancer,DrugEruption,0.8195749521255493,False,"DrugEruption,SkinCancer,Sun_Sunlight_Damage,Moles,Vasculitis"
data/SkinDisease/SkinDisease/test/SkinCancer/malignant-melanoma-104.jpeg,SkinCancer,SkinCancer,0.9189077615737915,True,"SkinCancer,Moles,Sun_Sunlight_Damage,Benign_tumors,Seborrh_Keratoses"
data/SkinDisease/SkinDisease/test/SkinCancer/malignant-melanoma-151.jpeg,SkinCancer,SkinCancer,0.7925890684127808,True,"SkinCancer,Benign_tumors,Moles,Seborrh_Keratoses,Vascular_Tumors"
data/SkinDisease/SkinDisease/test/SkinCancer/malignant-melanoma-158.jpeg,SkinCancer,SkinCancer,0.9996224641799927,True,"SkinCancer,Vasculitis,Seborrh_Keratoses,Moles,Infestations_Bites"
data/SkinDisease/SkinDisease/test/SkinCancer/malignant-melanoma-171.jpeg,SkinCancer,SkinCancer,0.9574694037437439,True,"SkinCancer,Moles,Seborrh_Keratoses,Actinic_Keratosis,Sun_Sunlight_Damage"
data/SkinDisease/SkinDisease/test/SkinCancer/malignant-melanoma-188.jpeg,SkinCancer,SkinCancer,0.9142187833786011,True,"SkinCancer,Psoriasis,Vascular_Tumors,Seborrh_Keratoses,Benign_tumors"
data/SkinDisease/SkinDisease/test/SkinCancer/malignant-melanoma-19.jpeg,SkinCancer,Vascular_Tumors,0.9404035210609436,False,"Vascular_Tumors,Vasculitis,Tinea,SkinCancer,Eczema"
data/SkinDisease/SkinDisease/test/SkinCancer/malignant-melanoma-83.jpeg,SkinCancer,Moles,0.846743106842041,False,"Moles,Seborrh_Keratoses,SkinCancer,Eczema,Benign_tumors"
data/SkinDisease/SkinDisease/test/SkinCancer/malignant-melanoma-84.jpeg,SkinCancer,Vascular_Tumors,0.32749292254447937,False,"Vascular_Tumors,Warts,SkinCancer,Vasculitis,Seborrh_Keratoses"
data/SkinDisease/SkinDisease/test/SkinCancer/malignant-melanoma-88.jpeg,SkinCancer,Benign_tumors,0.2861484885215759,False,"Benign_tumors,Moles,SkinCancer,Vasculitis,Sun_Sunlight_Damage"
data/SkinDisease/SkinDisease/test/SkinCancer/malignant-melanoma-9.jpeg,SkinCancer,Moles,0.5657864212989807,False,"Moles,Tinea,Seborrh_Keratoses,Benign_tumors,Lichen"
data/SkinDisease/SkinDisease/test/SkinCancer/melanoma-mimic-10.jpeg,SkinCancer,SkinCancer,0.9964344501495361,True,"SkinCancer,Seborrh_Keratoses,Moles,Vascular_Tumors,Sun_Sunlight_Damage"
data/SkinDisease/SkinDisease/test/Sun_Sunlight_Damage/actinic-comedones-13.jpeg,Sun_Sunlight_Damage,Sun_Sunlight_Damage,0.9310398697853088,True,"Sun_Sunlight_Damage,Benign_tumors,Vascular_Tumors,Actinic_Keratosis,Rosacea"
data/SkinDisease/SkinDisease/test/Sun_Sunlight_Damage/actinic-comedones-14.jpeg,Sun_Sunlight_Damage,Sun_Sunlight_Damage,0.9976527094841003,True,"Sun_Sunlight_Damage,Rosacea,Benign_tumors,Acne,Actinic_Keratosis"
data/SkinDisease/SkinDisease/test/Sun_Sunlight_Damage/lentigo-adults-2.jpeg,Sun_Sunlight_Damage,SkinCancer,0.867062509059906,False,"SkinCancer,Moles,Seborrh_Keratoses,Sun_Sunlight_Damage,Actinic_Keratosis"
data/SkinDisease/SkinDisease/test/Sun_Sunlight_Damage/lentigo-adults-24.jpeg,Sun_Sunlight_Damage,Sun_Sunlight_Damage,0.9967446327209473,True,"Sun_Sunlight_Damage,Moles,Seborrh_Keratoses,Vascular_Tumors,Actinic_Keratosis"
data/SkinDisease/SkinDisease/test/Sun_Sunlight_Damage/lentigo-adults-30.jpeg,Sun_Sunlight_Damage,Sun_Sunlight_Damage,0.9876043796539307,True,"Sun_Sunlight_Damage,Moles,Vasculitis,Vascular_Tumors,Lupus"
data/SkinDisease/SkinDisease/test/Sun_Sunlight_Damage/lentigo-adults-39.jpeg,Sun_Sunlight_Damage,Sun_Sunlight_Damage,0.9982401132583618,True,"Sun_Sunlight_Damage,Actinic_Keratosis,Lichen,Vascular_Tumors,Moles"
data/SkinDisease/SkinDisease/test/Sun_Sunlight_Damage/lentigo-adults-45.jpeg,Sun_Sunlight_Damage,Moles,0.8928187489509583,False,"Moles,Vascular_Tumors,Actinic_Keratosis,Sun_Sunlight_Damage,Warts"
data/SkinDisease/SkinDisease/test/Sun_Sunlight_Damage/lentigo-adults-67.jpeg,Sun_Sunlight_Damage,Eczema,0.6385446190834045,False,"Eczema,Benign_tumors,Acne,Moles,Warts"
data/SkinDisease/SkinDisease/test/Sun_Sunlight_Damage/lentigo-adults-7.jpeg,Sun_Sunlight_Damage,Sun_Sunlight_Damage,0.815054178237915,True,"Sun_Sunlight_Damage,SkinCancer,Benign_tumors,Vasculitis,Actinic_Keratosis"
data/SkinDisease/SkinDisease/test/Sun_Sunlight_Damage/lentigo-adults-73.jpeg,Sun_Sunlight_Damage,Lichen,0.663398027420044,False,"Lichen,Tinea,Moles,Benign_tumors,Sun_Sunlight_Damage"
data/SkinDisease/SkinDisease/test/Sun_Sunlight_Damage/lentigo-adults-74.jpeg,Sun_Sunlight_Damage,Actinic_Keratosis,0.5289191007614136,False,"Actinic_Keratosis,Sun_Sunlight_Damage,Lichen,Eczema,Moles"
data/SkinDisease/SkinDisease/test/Sun_Sunlight_Damage/lentigo-adults-83.jpeg,Sun_Sunlight_Damage,Sun_Sunlight_Damage,0.9804933667182922,True,"Sun_Sunlight_Damage,Vasculitis,Moles,Vascular_Tumors,Benign_tumors"
data/SkinDisease/SkinDisease/test/Sun_Sunlight_Damage/lentigo-adults-9.jpeg,Sun_Sunlight_Damage,SkinCancer,0.5792847275733948,False,"SkinCancer,Sun_Sunlight_Damage,Benign_tumors,Tinea,Acne"
data/SkinDisease/SkinDisease/test/Sun_Sunlight_Damage/lentigo-adults-91.jpeg,Sun_Sunlight_Damage,Sun_Sunlight_Damage,0.9062116146087646,True,"Sun_Sunlight_Damage,Actinic_Keratosis,Tinea,Vascular_Tumors,Psoriasis"
data/SkinDisease/SkinDisease/test/Sun_Sunlight_Damage/phototoxic-reactions-28.jpeg,Sun_Sunlight_Damage,Sun_Sunlight_Damage,0.997463583946228,True,"Sun_Sunlight_Damage,Vasculitis,Benign_tumors,DrugEruption,Eczema"
data/SkinDisease/SkinDisease/test/Sun_Sunlight_Damage/phototoxic-reactions-45.jpeg,Sun_Sunlight_Damage,Sun_Sunlight_Damage,0.5106950998306274,True,"Sun_Sunlight_Damage,Benign_tumors,Rosacea,Eczema,Lupus"
data/SkinDisease/SkinDisease/test/Sun_Sunlight_Damage/phototoxic-reactions-49.jpeg,Sun_Sunlight_Damage,Sun_Sunlight_Damage,0.9991160035133362,True,"Sun_Sunlight_Damage,Tinea,Vasculitis,Lichen,Actinic_Keratosis"
data/SkinDisease/SkinDisease/test/Sun_Sunlight_Damage/phototoxic-reactions-50.jpeg,Sun_Sunlight_Damage,Benign_tumors,0.7171209454536438,False,"Benign_tumors,Sun_Sunlight_Damage,Tinea,Unknown_Normal,Vascular_Tumors"
data/SkinDisease/SkinDisease/test/Sun_Sunlight_Damage/phototoxic-reactions-51.jpeg,Sun_Sunlight_Damage,Sun_Sunlight_Damage,0.9987227320671082,True,"Sun_Sunlight_Damage,Moles,Vasculitis,DrugEruption,Benign_tumors"
data/SkinDisease/SkinDisease/test/Sun_Sunlight_Damage/phototoxic-reactions-64.jpeg,Sun_Sunlight_Damage,Eczema,0.996358335018158,False,"Eczema,Vasculitis,Sun_Sunlight_Damage,Tinea,Psoriasis"
data/SkinDisease/SkinDisease/test/Sun_Sunlight_Damage/phototoxic-reactions-72.jpeg,Sun_Sunlight_Damage,Sun_Sunlight_Damage,0.9622437357902527,True,"Sun_Sunlight_Damage,Moles,Benign_tumors,Vascular_Tumors,DrugEruption"
data/SkinDisease/SkinDisease/test/Sun_Sunlight_Damage/phototoxic-reactions-79.jpeg,Sun_Sunlight_Damage,Sun_Sunlight_Damage,0.5487846732139587,True,"Sun_Sunlight_Damage,Tinea,Vascular_Tumors,DrugEruption,Benign_tumors"
data/SkinDisease/SkinDisease/test/Sun_Sunlight_Damage/phototoxic-reactions-85.jpeg,Sun_Sunlight_Damage,Sun_Sunlight_Damage,0.899079442024231,True,"Sun_Sunlight_Damage,Actinic_Keratosis,DrugEruption,Vitiligo,Eczema"
data/SkinDisease/SkinDisease/test/Sun_Sunlight_Damage/phototoxic-reactions-89.jpeg,Sun_Sunlight_Damage,Vascular_Tumors,0.662284255027771,False,"Vascular_Tumors,Eczema,Rosacea,SkinCancer,Sun_Sunlight_Damage"
data/SkinDisease/SkinDisease/test/Sun_Sunlight_Damage/phototoxic-reactions-lime-juice-.jpeg,Sun_Sunlight_Damage,Sun_Sunlight_Damage,0.9994900226593018,True,"Sun_Sunlight_Damage,Vasculitis,Tinea,Vascular_Tumors,DrugEruption"
data/SkinDisease/SkinDisease/test/Sun_Sunlight_Damage/sun-damaged-skin-106.jpeg,Sun_Sunlight_Damage,Sun_Sunlight_Damage,0.9641784429550171,True,"Sun_Sunlight_Damage,Benign_tumors,SkinCancer,Rosacea,Actinic_Keratosis"
data/SkinDisease/SkinDisease/test/Sun_Sunlight_Damage/sun-damaged-skin-111.jpeg,Sun_Sunlight_Damage,Vascular_Tumors,0.9086364507675171,False,"Vascular_Tumors,Sun_Sunlight_Damage,Eczema,Tinea,Benign_tumors"
data/SkinDisease/SkinDisease/test/Sun_Sunlight_Damage/sun-damaged-skin-129.jpeg,Sun_Sunlight_Damage,Actinic_Keratosis,0.9998260140419006,False,"Actinic_Keratosis,Vascular_Tumors,Rosacea,Sun_Sunlight_Damage,DrugEruption"
data/SkinDisease/SkinDisease/test/Sun_Sunlight_Damage/sun-damaged-skin-44.jpeg,Sun_Sunlight_Damage,Sun_Sunlight_Damage,0.7661039233207703,True,"Sun_Sunlight_Damage,Benign_tumors,DrugEruption,SkinCancer,Infestations_Bites"
data/SkinDisease/SkinDisease/test/Sun_Sunlight_Damage/sun-damaged-skin-6.jpeg,Sun_Sunlight_Damage,Sun_Sunlight_Damage,0.9979859590530396,True,"Sun_Sunlight_Damage,Vascular_Tumors,Benign_tumors,Eczema,Actinic_Keratosis"
data/SkinDisease/SkinDisease/test/Sun_Sunlight_Damage/sun-damaged-skin-67.jpeg,Sun_Sunlight_Damage,Sun_Sunlight_Damage,0.9938015341758728,True,"Sun_Sunlight_Damage,Vascular_Tumors,Actinic_Keratosis,Tinea,Eczema"
data/SkinDisease/SkinDisease/test/Sun_Sunlight_Damage/sun-damaged-skin-70.jpeg,Sun_Sunlight_Damage,Benign_tumors,0.8841592073440552,False,"Benign_tumors,Sun_Sunlight_Damage,Acne,Warts,Lichen"
data/SkinDisease/SkinDisease/test/Sun_Sunlight_Damage/sun-damaged-skin-81.jpeg,Sun_Sunlight_Damage,Sun_Sunlight_Damage,0.9989475607872009,True,"Sun_Sunlight_Damage,Benign_tumors,Actinic_Keratosis,Eczema,Rosacea"
data/SkinDisease/SkinDisease/test/Sun_Sunlight_Damage/sun-damaged-skin-98.jpeg,Sun_Sunlight_Damage,Sun_Sunlight_Damage,0.9813458323478699,True,"Sun_Sunlight_Damage,Vascular_Tumors,DrugEruption,Tinea,Moles"
data/SkinDisease/SkinDisease/test/Tinea/13TineaGroin143.jpeg,Tinea,Candidiasis,0.5377717018127441,False,"Candidiasis,Tinea,Eczema,Lichen,Psoriasis"
data/SkinDisease/SkinDisease/test/Tinea/13TineaGroin34.jpeg,Tinea,Candidiasis,0.9708406925201416,False,"Candidiasis,Tinea,Psoriasis,Lichen,Vascular_Tumors"
data/SkinDisease/SkinDisease/test/Tinea/13tineaCorporis0808054.jpeg,Tinea,Tinea,0.9970306158065796,True,"Tinea,Vasculitis,Eczema,Bullous,Vascular_Tumors"
data/SkinDisease/SkinDisease/test/Tinea/tincorp18__ProtectWyJQcm90ZWN0Il0_FocusFillWzI5NCwyMjIsIngiLDFd.jpeg,Tinea,Actinic_Keratosis,0.6929996609687805,False,"Actinic_Keratosis,Acne,Bullous,Psoriasis,Lupus"
data/SkinDisease/SkinDisease/test/Tinea/tincorp1__ProtectWyJQcm90ZWN0Il0_FocusFillWzI5NCwyMjIsIngiLDRd.jpeg,Tinea,Tinea,0.9986829161643982,True,"Tinea,Eczema,Infestations_Bites,Vasculitis,Bullous"
data/SkinDisease/SkinDisease/test/Tinea/tincorp5__ProtectWyJQcm90ZWN0Il0_FocusFillWzI5NCwyMjIsIngiLDE2XQ.jpeg,Tinea,Tinea,0.9864554405212402,True,"Tinea,DrugEruption,Moles,Infestations_Bites,Bullous"
data/SkinDisease/SkinDisease/test/Tinea/tincorp6__ProtectWyJQcm90ZWN0Il0_FocusFillWzI5NCwyMjIsIngiLDFd.jpeg,Tinea,Infestations_Bites,0.8223339319229126,False,"Infestations_Bites,Tinea,Actinic_Keratosis,Eczema,Lichen"
data/SkinDisease/SkinDisease/test/Tinea/tinea-beard-1.jpeg,Tinea,Tinea,0.9986863732337952,True,"Tinea,Lupus,Candidiasis,Acne,Eczema"
data/SkinDisease/SkinDisease/test/Tinea/tinea-beard-3.jpeg,Tinea,Tinea,0.9845151901245117,True,"Tinea,SkinCancer,Benign_tumors,Sun_Sunlight_Damage,Vascular_Tumors"
data/SkinDisease/SkinDisease/test/Tinea/tinea-beard-4.jpeg,Tinea,Tinea,0.9935343265533447,True,"Tinea,Sun_Sunlight_Damage,Rosacea,DrugEruption,Vascular_Tumors"
data/SkinDisease/SkinDisease/test/Tinea/tinea-body-101.jpeg,Tinea,Tinea,0.901567816734314,True,"Tinea,Eczema,Candidiasis,Infestations_Bites,Sun_Sunlight_Damage"
data/SkinDisease/SkinDisease/test/Tinea/tinea-body-106.jpeg,Tinea,Tinea,0.5236057043075562,True,"Tinea,Candidiasis,Psoriasis,Bullous,Eczema"
data/SkinDisease/SkinDisease/test/Tinea/tinea-body-109.jpeg,Tinea,SkinCancer,0.725551426410675,False,"SkinCancer,Benign_tumors,Actinic_Keratosis,Tinea,Sun_Sunlight_Damage"
data/SkinDisease/SkinDisease/test/Tinea/tinea-body-114.jpeg,Tinea,Eczema,0.5437936186790466,False,"Eczema,Tinea,Vasculitis,Psoriasis,Bullous"
data/SkinDisease/SkinDisease/test/Tinea/tinea-body-132.jpeg,Tinea,Tinea,0.7388066649436951,True,"Tinea,Vasculitis,Sun_Sunlight_Damage,Vascular_Tumors,DrugEruption"
data/SkinDisease/SkinDisease/test/Tinea/tinea-body-133.jpeg,Tinea,Tinea,0.999946117401123,True,"Tinea,Candidiasis,Psoriasis,Sun_Sunlight_Damage,Eczema"
data/SkinDisease/SkinDisease/test/Tinea/tinea-body-15.jpeg,Tinea,Tinea,0.9843043684959412,True,"Tinea,Eczema,Psoriasis,Sun_Sunlight_Damage,DrugEruption"
data/SkinDisease/SkinDisease/test/Tinea/tinea-body-152.jpeg,Tinea,Infestations_Bites,0.8704233765602112,False,"Infestations_Bites,Vasculitis,Vascular_Tumors,Bullous,DrugEruption"
data/SkinDisease/SkinDisease/test/Tinea/tinea-body-162.jpeg,Tinea,Tinea,0.778567910194397,True,"Tinea,Psoriasis,Vasculitis,Lupus,Eczema"
data/SkinDisease/SkinDisease/test/Tinea/tinea-body-164.jpeg,Tinea,Bullous,0.7277340888977051,False,"Bullous,Acne,Vasculitis,Infestations_Bites,Benign_tumors"
data/SkinDisease/SkinDisease/test/Tinea/tinea-body-165.jpeg,Tinea,Tinea,0.994938850402832,True,"Tinea,Sun_Sunlight_Damage,Bullous,Lupus,Vasculitis"
data/SkinDisease/SkinDisease/test/Tinea/tinea-body-167.jpeg,Tinea,Tinea,0.9918925762176514,True,"Tinea,Vascular_Tumors,Sun_Sunlight_Damage,DrugEruption,Vasculitis"
data/SkinDisease/SkinDisease/test/Tinea/tinea-body-17.jpeg,Tinea,Vasculitis,0.6077899932861328,False,"Vasculitis,Lupus,Sun_Sunlight_Damage,Psoriasis,DrugEruption"
data/SkinDisease/SkinDisease/test/Tinea/tinea-body-176.jpeg,Tinea,Benign_tumors,0.4483504295349121,False,"Benign_tumors,Infestations_Bites,Tinea,SkinCancer,Vascular_Tumors"
data/SkinDisease/SkinDisease/test/Tinea/tinea-body-184.jpeg,Tinea,Tinea,0.9988468885421753,True,"Tinea,Benign_tumors,Candidiasis,Lichen,Eczema"
data/SkinDisease/SkinDisease/test/Tinea/tinea-body-9.jpeg,Tinea,Tinea,0.9937321543693542,True,"Tinea,Eczema,Candidiasis,Psoriasis,Benign_tumors"
data/SkinDisease/SkinDisease/test/Tinea/tinea-body-98.jpeg,Tinea,Eczema,0.7809240221977234,False,"Eczema,DrugEruption,Seborrh_Keratoses,Vasculitis,Psoriasis"
data/SkinDisease/SkinDisease/test/Tinea/tinea-face-13.jpeg,Tinea,Tinea,0.872721254825592,True,"Tinea,Lupus,Rosacea,Eczema,Psoriasis"
data/SkinDisease/SkinDisease/test/Tinea/tinea-face-17.jpeg,Tinea,Rosacea,0.6374540328979492,False,"Rosacea,Tinea,Actinic_Keratosis,Benign_tumors,Sun_Sunlight_Damage"
data/SkinDisease/SkinDisease/test/Tinea/tinea-face-55.jpeg,Tinea,Lupus,0.9828650951385498,False,"Lupus,Tinea,Sun_Sunlight_Damage,Psoriasis,Acne"
data/SkinDisease/SkinDisease/test/Tinea/tinea-face-9.jpeg,Tinea,Tinea,0.9910640716552734,True,"Tinea,Benign_tumors,Eczema,Psoriasis,Vascular_Tumors"
data/SkinDisease/SkinDisease/test/Tinea/tinea-foot-dorsum-19.jpeg,Tinea,Tinea,0.7632808685302734,True,"Tinea,Psoriasis,Eczema,Infestations_Bites,Candidiasis"
data/SkinDisease/SkinDisease/test/Tinea/tinea-foot-dorsum-22.jpeg,Tinea,Psoriasis,0.6647636294364929,False,"Psoriasis,Actinic_Keratosis,Tinea,Eczema,DrugEruption"
data/SkinDisease/SkinDisease/test/Tinea/tinea-foot-dorsum-23.jpeg,Tinea,Tinea,0.9998002648353577,True,"Tinea,Eczema,Psoriasis,Lichen,Benign_tumors"
data/SkinDisease/SkinDisease/test/Tinea/tinea-foot-dorsum-25.jpeg,Tinea,Tinea,0.9985672235488892,True,"Tinea,Psoriasis,Vasculitis,DrugEruption,Candidiasis"
data/SkinDisease/SkinDisease/test/Tinea/tinea-foot-dorsum-27.jpeg,Tinea,Eczema,0.9980607628822327,False,"Eczema,Tinea,Psoriasis,Sun_Sunlight_Damage,Lichen"
data/SkinDisease/SkinDisease/test/Tinea/tinea-foot-dorsum-41.jpeg,Tinea,Tinea,0.9442459940910339,True,"Tinea,Vasculitis,Lichen,Bullous,DrugEruption"
data/SkinDisease/SkinDisease/test/Tinea/tinea-foot-dorsum-61.jpeg,Tinea,Tinea,0.7801714539527893,True,"Tinea,Infestations_Bites,Lichen,Warts,Vasculitis"
data/SkinDisease/SkinDisease/test/Tinea/tinea-foot-plantar-10.jpeg,Tinea,Tinea,0.9595667123794556,True,"Tinea,Eczema,Lichen,Psoriasis,Candidiasis"
data/SkinDisease/SkinDisease/test/Tinea/tinea-foot-plantar-30.jpeg,Tinea,Tinea,0.6037489175796509,True,"Tinea,Eczema,Psoriasis,Vasculitis,DrugEruption"
data/SkinDisease/SkinDisease/test/Tinea/tinea-foot-plantar-44.jpeg,Tinea,Tinea,0.9312130212783813,True,"Tinea,Eczema,Psoriasis,Infestations_Bites,Vascular_Tumors"
data/SkinDisease/SkinDisease/test/Tinea/tinea-foot-plantar-48.jpeg,Tinea,Tinea,0.9874842762947083,True,"Tinea,DrugEruption,Lichen,Psoriasis,Eczema"
data/SkinDisease/SkinDisease/test/Tinea/tinea-foot-plantar-50.jpeg,Tinea,Psoriasis,0.8058373928070068,False,"Psoriasis,Lichen,DrugEruption,Tinea,Bullous"
data/SkinDisease/SkinDisease/test/Tinea/tinea-foot-webs-17.jpeg,Tinea,Tinea,0.9797989130020142,True,"Tinea,Warts,Vascular_Tumors,Benign_tumors,Candidiasis"
data/SkinDisease/SkinDisease/test/Tinea/tinea-foot-webs-23.jpeg,Tinea,Tinea,0.9978031516075134,True,"Tinea,Vascular_Tumors,Bullous,DrugEruption,Warts"
data/SkinDisease/SkinDisease/test/Tinea/tinea-foot-webs-25.jpeg,Tinea,Tinea,0.9998866319656372,True,"Tinea,Eczema,Candidiasis,Warts,Psoriasis"
data/SkinDisease/SkinDisease/test/Tinea/tinea-foot-webs-30.jpeg,Tinea,Tinea,0.9701789021492004,True,"Tinea,Warts,Eczema,Psoriasis,Candidiasis"
data/SkinDisease/SkinDisease/test/Tinea/tinea-foot-webs-49.jpeg,Tinea,Tinea,0.9994636178016663,True,"Tinea,Candidiasis,Infestations_Bites,Warts,Eczema"
data/SkinDisease/SkinDisease/test/Tinea/tinea-foot-webs-53.jpeg,Tinea,Tinea,0.6348251700401306,True,"Tinea,Eczema,Bullous,Warts,Vasculitis"
data/SkinDisease/SkinDisease/test/Tinea/tinea-foot-webs-80.jpeg,Tinea,Eczema,0.48987090587615967,False,"Eczema,Candidiasis,Psoriasis,Tinea,Actinic_Keratosis"
data/SkinDisease/SkinDisease/test/Tinea/tinea-groin-109.jpeg,Tinea,Tinea,0.8485763072967529,True,"Tinea,Candidiasis,Vascular_Tumors,Sun_Sunlight_Damage,DrugEruption"
data/SkinDisease/SkinDisease/test/Tinea/tinea-groin-112.jpeg,Tinea,Tinea,0.9255231022834778,True,"Tinea,Candidiasis,Lichen,Sun_Sunlight_Damage,Eczema"
data/SkinDisease/SkinDisease/test/Tinea/tinea-groin-26.jpeg,Tinea,Tinea,0.998868465423584,True,"Tinea,Candidiasis,Psoriasis,Vasculitis,Warts"
data/SkinDisease/SkinDisease/test/Tinea/tinea-groin-33.jpeg,Tinea,Tinea,0.999744713306427,True,"Tinea,Candidiasis,Benign_tumors,Infestations_Bites,Sun_Sunlight_Damage"
data/SkinDisease/SkinDisease/test/Tinea/tinea-groin-38.jpeg,Tinea,Tinea,0.9999285936355591,True,"Tinea,Candidiasis,Eczema,Infestations_Bites,Lichen"
data/SkinDisease/SkinDisease/test/Tinea/tinea-groin-6.jpeg,Tinea,Tinea,0.9996308088302612,True,"Tinea,Candidiasis,Vascular_Tumors,Warts,Eczema"
data/SkinDisease/SkinDisease/test/Tinea/tinea-groin-64.jpeg,Tinea,Tinea,0.9993410706520081,True,"Tinea,Candidiasis,Lichen,Bullous,Vasculitis"
data/SkinDisease/SkinDisease/test/Tinea/tinea-groin-67.jpeg,Tinea,Tinea,0.998551070690155,True,"Tinea,Candidiasis,Benign_tumors,Lichen,Psoriasis"
data/SkinDisease/SkinDisease/test/Tinea/tinea-groin-72.jpeg,Tinea,Candidiasis,0.994729220867157,False,"Candidiasis,Tinea,Psoriasis,Benign_tumors,Vascular_Tumors"
data/SkinDisease/SkinDisease/test/Tinea/tinea-groin-75.jpeg,Tinea,Candidiasis,0.9995225667953491,False,"Candidiasis,Tinea,Psoriasis,Bullous,Warts"
data/SkinDisease/SkinDisease/test/Tinea/tinea-groin-87.jpeg,Tinea,Tinea,0.9991456270217896,True,"Tinea,Candidiasis,Vascular_Tumors,Benign_tumors,Psoriasis"
data/SkinDisease/SkinDisease/test/Tinea/tinea-groin-89.jpeg,Tinea,Candidiasis,0.9708406925201416,False,"Candidiasis,Tinea,Psoriasis,Lichen,Vascular_Tumors"
data/SkinDisease/SkinDisease/test/Tinea/tinea-groin-91.jpeg,Tinea,Tinea,0.9993890523910522,True,"Tinea,Candidiasis,Eczema,Lichen,Psoriasis"
data/SkinDisease/SkinDisease/test/Tinea/tinea-hand-dorsum-16.jpeg,Tinea,Tinea,0.9950644373893738,True,"Tinea,Eczema,Sun_Sunlight_Damage,Psoriasis,Lupus"
data/SkinDisease/SkinDisease/test/Tinea/tinea-hand-dorsum-25.jpeg,Tinea,DrugEruption,0.33626264333724976,False,"DrugEruption,Psoriasis,Tinea,Vasculitis,Eczema"
data/SkinDisease/SkinDisease/test/Tinea/tinea-hand-dorsum-66.jpeg,Tinea,Tinea,0.9969387054443359,True,"Tinea,Sun_Sunlight_Damage,DrugEruption,Lupus,Eczema"
data/SkinDisease/SkinDisease/test/Tinea/tinea-incognito-11.jpeg,Tinea,Tinea,0.9996558427810669,True,"Tinea,Candidiasis,Psoriasis,Lichen,Eczema"
data/SkinDisease/SkinDisease/test/Tinea/tinea-incognito-13.jpeg,Tinea,Tinea,0.9935421943664551,True,"Tinea,Psoriasis,Seborrh_Keratoses,Infestations_Bites,Sun_Sunlight_Damage"
data/SkinDisease/SkinDisease/test/Tinea/tinea-incognito-20.jpeg,Tinea,Tinea,0.6586456298828125,True,"Tinea,Vascular_Tumors,Infestations_Bites,Benign_tumors,DrugEruption"
data/SkinDisease/SkinDisease/test/Tinea/tinea-incognito-44.jpeg,Tinea,Tinea,0.9989063739776611,True,"Tinea,Lupus,Psoriasis,Eczema,Candidiasis"
data/SkinDisease/SkinDisease/test/Tinea/tinea-incognito-47.jpeg,Tinea,Tinea,0.9934533834457397,True,"Tinea,Benign_tumors,Candidiasis,Vascular_Tumors,SkinCancer"
data/SkinDisease/SkinDisease/test/Tinea/tinea-incognito-51.jpeg,Tinea,Vasculitis,0.9545102119445801,False,"Vasculitis,Tinea,Infestations_Bites,Psoriasis,Sun_Sunlight_Damage"
data/SkinDisease/SkinDisease/test/Tinea/tinea-palm-10.jpeg,Tinea,Tinea,0.9993094205856323,True,"Tinea,Psoriasis,Eczema,DrugEruption,Sun_Sunlight_Damage"
data/SkinDisease/SkinDisease/test/Tinea/tinea-palm-2.jpeg,Tinea,Tinea,0.9999231100082397,True,"Tinea,Candidiasis,Lupus,Psoriasis,Eczema"
data/SkinDisease/SkinDisease/test/Tinea/tinea-palm-22.jpeg,Tinea,Tinea,0.9999338388442993,True,"Tinea,Candidiasis,Eczema,Vasculitis,Lichen"
data/SkinDisease/SkinDisease/test/Tinea/tinea-palm-25.jpeg,Tinea,Tinea,0.9924543499946594,True,"Tinea,Eczema,Lupus,Sun_Sunlight_Damage,Vasculitis"
data/SkinDisease/SkinDisease/test/Tinea/tinea-palm-34.jpeg,Tinea,Tinea,0.9998181462287903,True,"Tinea,Eczema,Sun_Sunlight_Damage,Candidiasis,DrugEruption"
data/SkinDisease/SkinDisease/test/Tinea/tinea-palm-40.jpeg,Tinea,Tinea,0.9792002439498901,True,"Tinea,Eczema,Lupus,Psoriasis,Candidiasis"
data/SkinDisease/SkinDisease/test/Tinea/tinea-primary-lesion-28.jpeg,Tinea,Tinea,0.7832221388816833,True,"Tinea,Infestations_Bites,Psoriasis,Candidiasis,Benign_tumors"
data/SkinDisease/SkinDisease/test/Tinea/tinea-primary-lesion-3.jpeg,Tinea,Tinea,0.9999622106552124,True,"Tinea,Psoriasis,Eczema,Candidiasis,Lupus"
data/SkinDisease/SkinDisease/test/Tinea/tinea-primary-lesion-46.jpeg,Tinea,Tinea,0.5094422698020935,True,"Tinea,Acne,Warts,Vascular_Tumors,Benign_tumors"
data/SkinDisease/SkinDisease/test/Tinea/tinea-primary-lesion-53.jpeg,Tinea,Tinea,0.9992115497589111,True,"Tinea,Benign_tumors,Candidiasis,Warts,Vasculitis"
data/SkinDisease/SkinDisease/test/Tinea/tinea-primary-lesion-63.jpeg,Tinea,Tinea,0.8026488423347473,True,"Tinea,Vasculitis,Infestations_Bites,DrugEruption,Sun_Sunlight_Damage"
data/SkinDisease/SkinDisease/test/Tinea/tinea-primary-lesion-64.jpeg,Tinea,Tinea,0.21351803839206696,True,"Tinea,DrugEruption,Vascular_Tumors,Eczema,Acne"
data/SkinDisease/SkinDisease/test/Tinea/tinea-scalp-32.jpeg,Tinea,Tinea,0.9822775721549988,True,"Tinea,Lupus,Psoriasis,Sun_Sunlight_Damage,Benign_tumors"
data/SkinDisease/SkinDisease/test/Tinea/tinea-scalp-47.jpeg,Tinea,Tinea,0.9394249320030212,True,"Tinea,Psoriasis,Seborrh_Keratoses,Eczema,Lichen"
data/SkinDisease/SkinDisease/test/Tinea/tinea-scalp-50.jpeg,Tinea,Tinea,0.9997391104698181,True,"Tinea,Psoriasis,Lichen,Seborrh_Keratoses,Benign_tumors"
data/SkinDisease/SkinDisease/test/Tinea/tinea-scalp-7.jpeg,Tinea,Tinea,0.9960653185844421,True,"Tinea,Psoriasis,Seborrh_Keratoses,Lichen,Eczema"
data/SkinDisease/SkinDisease/test/Tinea/tinea-versicolor-100.jpeg,Tinea,Lichen,0.4211163818836212,False,"Lichen,Tinea,Moles,Benign_tumors,DrugEruption"
data/SkinDisease/SkinDisease/test/Tinea/tinea-versicolor-104.jpeg,Tinea,Lichen,0.8780918121337891,False,"Lichen,Tinea,Warts,Psoriasis,Vitiligo"
data/SkinDisease/SkinDisease/test/Tinea/tinea-versicolor-137.jpeg,Tinea,Tinea,0.9960216879844666,True,"Tinea,Psoriasis,Warts,Lichen,Eczema"
data/SkinDisease/SkinDisease/test/Tinea/tinea-versicolor-159.jpeg,Tinea,Warts,0.8643737435340881,False,"Warts,Lichen,Tinea,Psoriasis,Eczema"
data/SkinDisease/SkinDisease/test/Tinea/tinea-versicolor-168.jpeg,Tinea,Tinea,0.994692862033844,True,"Tinea,Lichen,Sun_Sunlight_Damage,Vascular_Tumors,Moles"
data/SkinDisease/SkinDisease/test/Tinea/tinea-versicolor-18.jpeg,Tinea,Tinea,0.5504152774810791,True,"Tinea,Lichen,Sun_Sunlight_Damage,Moles,Seborrh_Keratoses"
data/SkinDisease/SkinDisease/test/Tinea/tinea-versicolor-185.jpeg,Tinea,Tinea,0.9536980390548706,True,"Tinea,Psoriasis,Candidiasis,Vasculitis,Vascular_Tumors"
data/SkinDisease/SkinDisease/test/Tinea/tinea-versicolor-186.jpeg,Tinea,Tinea,0.9995966553688049,True,"Tinea,Sun_Sunlight_Damage,DrugEruption,Eczema,Psoriasis"
data/SkinDisease/SkinDisease/test/Tinea/tinea-versicolor-187.jpeg,Tinea,Psoriasis,0.3468970060348511,False,"Psoriasis,Tinea,Seborrh_Keratoses,Moles,Eczema"
data/SkinDisease/SkinDisease/test/Tinea/tinea-versicolor-19.jpeg,Tinea,Tinea,0.7353364825248718,True,"Tinea,SkinCancer,Sun_Sunlight_Damage,Moles,DrugEruption"
data/SkinDisease/SkinDisease/test/Tinea/tinea-versicolor-79.jpeg,Tinea,Tinea,0.6319587826728821,True,"Tinea,Sun_Sunlight_Damage,Lichen,Psoriasis,Eczema"
data/SkinDisease/SkinDisease/test/Tinea/tinea-versicolor-87.jpeg,Tinea,Tinea,0.9521616697311401,True,"Tinea,Candidiasis,Lichen,Infestations_Bites,Eczema"
data/SkinDisease/SkinDisease/test/Tinea/tinped19__ProtectWyJQcm90ZWN0Il0_FocusFillWzI5NCwyMjIsInkiLDdd.jpeg,Tinea,Tinea,0.9920642971992493,True,"Tinea,Warts,DrugEruption,Bullous,Infestations_Bites"
data/SkinDisease/SkinDisease/test/Tinea/tinped7__ProtectWyJQcm90ZWN0Il0_FocusFillWzI5NCwyMjIsInkiLDM2XQ.jpeg,Tinea,Tinea,0.9999388456344604,True,"Tinea,Candidiasis,Lichen,Eczema,Psoriasis"
data/SkinDisease/SkinDisease/test/Unknown_Normal/0_0_anhu_0216.jpeg,Unknown_Normal,Unknown_Normal,0.9995682835578918,True,"Unknown_Normal,Vitiligo,DrugEruption,Lichen,Actinic_Keratosis"
data/SkinDisease/SkinDisease/test/Unknown_Normal/0_0_baobeier_0020.jpeg,Unknown_Normal,Unknown_Normal,0.9999804496765137,True,"Unknown_Normal,Vitiligo,Eczema,Actinic_Keratosis,Psoriasis"
data/SkinDisease/SkinDisease/test/Unknown_Normal/0_0_caiyilin_0100.jpeg,Unknown_Normal,Unknown_Normal,0.9906272888183594,True,"Unknown_Normal,Vitiligo,DrugEruption,Actinic_Keratosis,Sun_Sunlight_Damage"
data/SkinDisease/SkinDisease/test/Unknown_Normal/0_0_cengyongti_0042.jpeg,Unknown_Normal,Unknown_Normal,0.9999707937240601,True,"Unknown_Normal,Vitiligo,DrugEruption,Lichen,Actinic_Keratosis"
data/SkinDisease/SkinDisease/test/Unknown_Normal/0_0_cengyongti_0063.jpeg,Unknown_Normal,Unknown_Normal,0.9999784231185913,True,"Unknown_Normal,Vitiligo,DrugEruption,Actinic_Keratosis,Infestations_Bites"
data/SkinDisease/SkinDisease/test/Unknown_Normal/0_0_dongchengpeng_0020.jpeg,Unknown_Normal,Unknown_Normal,0.9998579025268555,True,"Unknown_Normal,Vitiligo,DrugEruption,Lichen,Infestations_Bites"
data/SkinDisease/SkinDisease/test/Unknown_Normal/0_0_dongchengpeng_0042.jpeg,Unknown_Normal,Unknown_Normal,0.9918495416641235,True,"Unknown_Normal,Vitiligo,Lichen,Actinic_Keratosis,DrugEruption"
data/SkinDisease/SkinDisease/test/Unknown_Normal/0_0_gulinazha_0035.jpeg,Unknown_Normal,Vitiligo,0.5315260887145996,False,"Vitiligo,Unknown_Normal,Actinic_Keratosis,DrugEruption,Bullous"
data/SkinDisease/SkinDisease/test/Unknown_Normal/10-Best-Hot-Hair-Brushes.jpeg,Unknown_Normal,Unknown_Normal,0.9999899864196777,True,"Unknown_Normal,Vitiligo,Lichen,Actinic_Keratosis,Benign_tumors"
data/SkinDisease/SkinDisease/test/Unknown_Normal/1049382-HomeSN-380x500-PendantLights._V507977761_.jpeg,Unknown_Normal,Unknown_Normal,0.9952243566513062,True,"Unknown_Normal,Infestations_Bites,Warts,SkinCancer,Seborrh_Keratoses"
data/SkinDisease/SkinDisease/test/Unknown_Normal/104_jpg.rf.cfcee7099c3a287e4db78ed28dae4576.jpeg,Unknown_Normal,Unknown_Normal,0.9997802376747131,True,"Unknown_Normal,Vitiligo,Infestations_Bites,Benign_tumors,Tinea"
data/SkinDisease/SkinDisease/test/Unknown_Normal/108_jpg.rf.18c4dc99bcad0d6f2ab52a9ca21d54ea.jpeg,Unknown_Normal,Unknown_Normal,0.9998546838760376,True,"Unknown_Normal,Vitiligo,Eczema,Psoriasis,Warts"
data/SkinDisease/SkinDisease/test/Unknown_Normal/112_jpg.rf.c4fe2a35b83a8a79622c941ca64e9552.jpeg,Unknown_Normal,Unknown_Normal,0.9998515844345093,True,"Unknown_Normal,Infestations_Bites,Psoriasis,Vitiligo,Warts"
data/SkinDisease/SkinDisease/test/Unknown_Normal/119_jpg.rf.7f9b75122f1551f5e47b3575a479b550.jpeg,Unknown_Normal,Unknown_Normal,0.9979702830314636,True,"Unknown_Normal,Vitiligo,Psoriasis,Lichen,Eczema"
data/SkinDisease/SkinDisease/test/Unknown_Normal/137_jpg.rf.4f4070ae7d7a4d05b3d29d89845ffd58.jpeg,Unknown_Normal,Unknown_Normal,0.9989781379699707,True,"Unknown_Normal,Infestations_Bites,Actinic_Keratosis,Vitiligo,Sun_Sunlight_Damage"
data/SkinDisease/SkinDisease/test/Unknown_Normal/167_jpg.rf.8d7c2e6fc6e7b0a1b7c092ae16782c13.jpeg,Unknown_Normal,Unknown_Normal,0.9999910593032837,True,"Unknown_Normal,Actinic_Keratosis,Vitiligo,Infestations_Bites,DrugEruption"
data/SkinDisease/SkinDisease/test/Unknown_Normal/1705156-2008819274.jpeg,Unknown_Normal,Unknown_Normal,0.9975595474243164,True,"Unknown_Normal,Vitiligo,Moles,Infestations_Bites,DrugEruption"
data/SkinDisease/SkinDisease/test/Unknown_Normal/184_jpg.rf.a289f154f02fdae79673360c0fa67386.jpeg,Unknown_Normal,Unknown_Normal,0.9989951252937317,True,"Unknown_Normal,Vitiligo,DrugEruption,Lichen,Infestations_Bites"
data/SkinDisease/SkinDisease/test/Unknown_Normal/191_jpg.rf.64616d53dbebca7b92cfc1c8e1c73483.jpeg,Unknown_Normal,Unknown_Normal,0.999897837638855,True,"Unknown_Normal,Vitiligo,DrugEruption,Lichen,Tinea"
data/SkinDisease/SkinDisease/test/Unknown_Normal/214_jpg.rf.7e30201e5d7531031dfd18ce88691292.jpeg,Unknown_Normal,Unknown_Normal,0.9997934699058533,True,"Unknown_Normal,Eczema,Vitiligo,Psoriasis,Infestations_Bites"
data/SkinDisease/SkinDisease/test/Unknown_Normal/21xJS3XnQ7L._AC_UF452452_FMjpg_.jpeg,Unknown_Normal,Unknown_Normal,0.9999812841415405,True,"Unknown_Normal,Vitiligo,Benign_tumors,Lichen,Actinic_Keratosis"
data/SkinDisease/SkinDisease/test/Unknown_Normal/221_jpg.rf.becc816f0c3f732a98611e9c8bc81ee2.jpeg,Unknown_Normal,Unknown_Normal,0.9999397993087769,True,"Unknown_Normal,Vitiligo,Eczema,DrugEruption,Infestations_Bites"
data/SkinDisease/SkinDisease/test/Unknown_Normal/226_jpg.rf.f9b1098c7f5e0e34ebccf20d89ec6f7b.jpeg,Unknown_Normal,Unknown_Normal,0.9999687671661377,True,"Unknown_Normal,Infestations_Bites,Vitiligo,Tinea,Eczema"
data/SkinDisease/SkinDisease/test/Unknown_Normal/254_jpg.rf.1d7ce799f366505919beb008b08be4ca.jpeg,Unknown_Normal,Unknown_Normal,0.9999523162841797,True,"Unknown_Normal,Vitiligo,Lichen,Infestations_Bites,DrugEruption"
data/SkinDisease/SkinDisease/test/Unknown_Normal/261_jpg.rf.e7b99f5b1f553ebcd7184e2d71d23013.jpeg,Unknown_Normal,Unknown_Normal,0.9628720879554749,True,"Unknown_Normal,Psoriasis,Vitiligo,Infestations_Bites,Eczema"
data/SkinDisease/SkinDisease/test/Unknown_Normal/263_jpg.rf.862c9ecb7e95f1fb80d28226ee7849ca.jpeg,Unknown_Normal,Unknown_Normal,0.9994651675224304,True,"Unknown_Normal,Vitiligo,Infestations_Bites,Actinic_Keratosis,Psoriasis"
data/SkinDisease/SkinDisease/test/Unknown_Normal/264_jpg.rf.d3b3be7933ce1f3458ac8473e1616275.jpeg,Unknown_Normal,Unknown_Normal,0.9997188448905945,True,"Unknown_Normal,Eczema,Vitiligo,Infestations_Bites,Warts"
data/SkinDisease/SkinDisease/test/Unknown_Normal/274_jpg.rf.f64b24c409acdf3489a1e9fbe5106667.jpeg,Unknown_Normal,Unknown_Normal,0.9989670515060425,True,"Unknown_Normal,Infestations_Bites,Eczema,Psoriasis,DrugEruption"
data/SkinDisease/SkinDisease/test/Unknown_Normal/28.jpeg,Unknown_Normal,Vitiligo,0.9976332187652588,False,"Vitiligo,Unknown_Normal,Benign_tumors,Bullous,DrugEruption"
data/SkinDisease/SkinDisease/test/Unknown_Normal/319_jpg.rf.a13b6f6c611e192a41fd122adfb196e7.jpeg,Unknown_Normal,Unknown_Normal,0.9924760460853577,True,"Unknown_Normal,Actinic_Keratosis,Vitiligo,DrugEruption,Infestations_Bites"
data/SkinDisease/SkinDisease/test/Unknown_Normal/31xzLRAR2SL._AC_UF452452_FMjpg_.jpeg,Unknown_Normal,Unknown_Normal,0.9992198944091797,True,"Unknown_Normal,Vitiligo,Psoriasis,Lupus,DrugEruption"
data/SkinDisease/SkinDisease/test/Unknown_Normal/31yGVRbW6TL._AC_UF226226_FMjpg_.jpeg,Unknown_Normal,Unknown_Normal,0.9995431900024414,True,"Unknown_Normal,Lichen,Actinic_Keratosis,Eczema,Infestations_Bites"
data/SkinDisease/SkinDisease/test/Unknown_Normal/331---Copy_jpg.rf.0196b1d606a13f84d6f83a5f36eeaef0.jpeg,Unknown_Normal,Unknown_Normal,0.48065492510795593,True,"Unknown_Normal,Vitiligo,Infestations_Bites,Actinic_Keratosis,Lupus"
data/SkinDisease/SkinDisease/test/Unknown_Normal/41LkX7bHnPL.AC_SX250.jpeg,Unknown_Normal,Unknown_Normal,0.9999951124191284,True,"Unknown_Normal,Rosacea,DrugEruption,Vitiligo,Lupus"
data/SkinDisease/SkinDisease/test/Unknown_Normal/41_jpg.rf.b0a0db63329a956e3d5de18316d7d627.jpeg,Unknown_Normal,Unknown_Normal,0.9802665114402771,True,"Unknown_Normal,Infestations_Bites,Vitiligo,DrugEruption,Tinea"
data/SkinDisease/SkinDisease/test/Unknown_Normal/41dD1IQ4Q2L._AC_UF452452_FMjpg_.jpeg,Unknown_Normal,Unknown_Normal,0.9999510049819946,True,"Unknown_Normal,Eczema,Vitiligo,Psoriasis,Actinic_Keratosis"
data/SkinDisease/SkinDisease/test/Unknown_Normal/41gW1zQCDL._AC_UF452452_FMjpg_.jpeg,Unknown_Normal,Unknown_Normal,0.9998677968978882,True,"Unknown_Normal,Vitiligo,DrugEruption,Benign_tumors,Moles"
data/SkinDisease/SkinDisease/test/Unknown_Normal/41jdLQwMw8L._AC_UF452452_FMjpg_.jpeg,Unknown_Normal,Unknown_Normal,0.9999905824661255,True,"Unknown_Normal,Vitiligo,Benign_tumors,Infestations_Bites,Vascular_Tumors"
data/SkinDisease/SkinDisease/test/Unknown_Normal/41klgn0zSmS._AC_UF226226_FMjpg_.jpeg,Unknown_Normal,Unknown_Normal,0.9999774694442749,True,"Unknown_Normal,Infestations_Bites,Vitiligo,Eczema,Seborrh_Keratoses"
data/SkinDisease/SkinDisease/test/Unknown_Normal/41qwfh7XL._AC_UL320_.jpeg,Unknown_Normal,Unknown_Normal,0.9999823570251465,True,"Unknown_Normal,DrugEruption,Vitiligo,Infestations_Bites,Eczema"
data/SkinDisease/SkinDisease/test/Unknown_Normal/47-masala-chai-canva-phpsbxpRf.jpeg,Unknown_Normal,Unknown_Normal,0.9994478821754456,True,"Unknown_Normal,Vitiligo,Acne,Vasculitis,Lupus"
data/SkinDisease/SkinDisease/test/Unknown_Normal/51DuvgA2MvL._AC_UF226226_FMjpg_.jpeg,Unknown_Normal,Unknown_Normal,0.999969482421875,True,"Unknown_Normal,Vitiligo,Actinic_Keratosis,Psoriasis,Lichen"
data/SkinDisease/SkinDisease/test/Unknown_Normal/51ZF5d5LFwL._AC_UF452452_FMjpg_.jpeg,Unknown_Normal,Unknown_Normal,0.9999221563339233,True,"Unknown_Normal,Vitiligo,Lichen,Psoriasis,Actinic_Keratosis"
data/SkinDisease/SkinDisease/test/Unknown_Normal/51l0dg4m9AL._AC_UF452452_FMjpg_.jpeg,Unknown_Normal,Unknown_Normal,0.9998804330825806,True,"Unknown_Normal,Vitiligo,Infestations_Bites,DrugEruption,Bullous"
data/SkinDisease/SkinDisease/test/Unknown_Normal/54.jpeg,Unknown_Normal,Unknown_Normal,0.9589964151382446,True,"Unknown_Normal,DrugEruption,Vitiligo,Bullous,Lichen"
data/SkinDisease/SkinDisease/test/Unknown_Normal/6 (1).jpeg,Unknown_Normal,Unknown_Normal,0.9999508857727051,True,"Unknown_Normal,Vitiligo,Actinic_Keratosis,DrugEruption,Sun_Sunlight_Damage"
data/SkinDisease/SkinDisease/test/Unknown_Normal/6 (100).jpeg,Unknown_Normal,Unknown_Normal,0.9999735355377197,True,"Unknown_Normal,Actinic_Keratosis,Vitiligo,DrugEruption,Eczema"
data/SkinDisease/SkinDisease/test/Unknown_Normal/6 (104).jpeg,Unknown_Normal,Vitiligo,0.9911231994628906,False,"Vitiligo,Unknown_Normal,DrugEruption,Sun_Sunlight_Damage,Actinic_Keratosis"
data/SkinDisease/SkinDisease/test/Unknown_Normal/6 (23).jpeg,Unknown_Normal,Unknown_Normal,0.9999188184738159,True,"Unknown_Normal,DrugEruption,Psoriasis,Lupus,Vitiligo"
data/SkinDisease/SkinDisease/test/Unknown_Normal/6 (25).jpeg,Unknown_Normal,Unknown_Normal,0.9969813227653503,True,"Unknown_Normal,Vitiligo,DrugEruption,Lichen,Actinic_Keratosis"
data/SkinDisease/SkinDisease/test/Unknown_Normal/6 (26).jpeg,Unknown_Normal,Unknown_Normal,0.9999760389328003,True,"Unknown_Normal,Vitiligo,Infestations_Bites,Lichen,DrugEruption"
data/SkinDisease/SkinDisease/test/Unknown_Normal/6 (32).jpeg,Unknown_Normal,Unknown_Normal,0.9999818801879883,True,"Unknown_Normal,Vitiligo,Actinic_Keratosis,DrugEruption,Eczema"
data/SkinDisease/SkinDisease/test/Unknown_Normal/6 (35).jpeg,Unknown_Normal,Unknown_Normal,0.9972424507141113,True,"Unknown_Normal,DrugEruption,Vitiligo,Bullous,Lichen"
data/SkinDisease/SkinDisease/test/Unknown_Normal/6 (37).jpeg,Unknown_Normal,Unknown_Normal,0.9995139837265015,True,"Unknown_Normal,Vitiligo,DrugEruption,Sun_Sunlight_Damage,Tinea"
data/SkinDisease/SkinDisease/test/Unknown_Normal/6 (64).jpeg,Unknown_Normal,Unknown_Normal,0.9856957793235779,True,"Unknown_Normal,Vitiligo,DrugEruption,Vascular_Tumors,Vasculitis"
data/SkinDisease/SkinDisease/test/Unknown_Normal/6 (70).jpeg,Unknown_Normal,Unknown_Normal,0.9998890161514282,True,"Unknown_Normal,Vitiligo,DrugEruption,Actinic_Keratosis,Lupus"
data/SkinDisease/SkinDisease/test/Unknown_Normal/61KPQ1BKTkL._AC_UF452452_FMjpg_.jpeg,Unknown_Normal,Unknown_Normal,0.9995266199111938,True,"Unknown_Normal,Vitiligo,Actinic_Keratosis,Eczema,Benign_tumors"
data/SkinDisease/SkinDisease/test/Unknown_Normal/61fPH47Hd0L._AC_UL480_QL65_.jpeg,Unknown_Normal,Unknown_Normal,0.9999973773956299,True,"Unknown_Normal,Vitiligo,DrugEruption,Infestations_Bites,Tinea"
data/SkinDisease/SkinDisease/test/Unknown_Normal/71GdxVHfymL.AC_SX500.jpeg,Unknown_Normal,Unknown_Normal,0.9999393224716187,True,"Unknown_Normal,Vitiligo,DrugEruption,Eczema,Sun_Sunlight_Damage"
data/SkinDisease/SkinDisease/test/Unknown_Normal/71JfqFSkZfL.AC_SX500.jpeg,Unknown_Normal,Unknown_Normal,0.9999669790267944,True,"Unknown_Normal,Vitiligo,Eczema,DrugEruption,Infestations_Bites"
data/SkinDisease/SkinDisease/test/Unknown_Normal/71OHGRMj2FL._AC_UF226226_FMjpg_.jpeg,Unknown_Normal,Unknown_Normal,0.9999768733978271,True,"Unknown_Normal,Vitiligo,Actinic_Keratosis,Vasculitis,Lichen"
data/SkinDisease/SkinDisease/test/Unknown_Normal/71XqQU15NfL.AC_SX500.jpeg,Unknown_Normal,Unknown_Normal,0.999993085861206,True,"Unknown_Normal,Vitiligo,Infestations_Bites,Vascular_Tumors,DrugEruption"
data/SkinDisease/SkinDisease/test/Unknown_Normal/71faHQo3nRL.AC_SX500.jpeg,Unknown_Normal,Unknown_Normal,0.9999737739562988,True,"Unknown_Normal,Vitiligo,Actinic_Keratosis,Lichen,DrugEruption"
data/SkinDisease/SkinDisease/test/Unknown_Normal/71oZ1-QYomL.AC_SX500.jpeg,Unknown_Normal,Unknown_Normal,0.9999881982803345,True,"Unknown_Normal,Vitiligo,Tinea,Psoriasis,Lichen"
data/SkinDisease/SkinDisease/test/Unknown_Normal/81jBJREzITL.AC_SX500.jpeg,Unknown_Normal,Unknown_Normal,0.9999833106994629,True,"Unknown_Normal,Vitiligo,Actinic_Keratosis,Moles,Benign_tumors"
data/SkinDisease/SkinDisease/test/Unknown_Normal/81y6Q5R0rjL.AC_SX500.jpeg,Unknown_Normal,Unknown_Normal,0.9999881982803345,True,"Unknown_Normal,Vitiligo,Benign_tumors,Actinic_Keratosis,Tinea"
data/SkinDisease/SkinDisease/test/Unknown_Normal/91lOyZb3J1L.AC_SX500.jpeg,Unknown_Normal,Unknown_Normal,0.9996969699859619,True,"Unknown_Normal,Vitiligo,Actinic_Keratosis,Seborrh_Keratoses,Lichen"
data/SkinDisease/SkinDisease/test/Unknown_Normal/Hand_0000008.jpeg,Unknown_Normal,Unknown_Normal,0.9999611377716064,True,"Unknown_Normal,Vitiligo,Warts,Seborrh_Keratoses,Vascular_Tumors"
data/SkinDisease/SkinDisease/test/Unknown_Normal/Hand_0000069.jpeg,Unknown_Normal,Unknown_Normal,0.9998241066932678,True,"Unknown_Normal,Actinic_Keratosis,Vitiligo,Moles,Sun_Sunlight_Damage"
data/SkinDisease/SkinDisease/test/Unknown_Normal/Hand_0000090.jpeg,Unknown_Normal,Unknown_Normal,0.9999747276306152,True,"Unknown_Normal,Vitiligo,Vascular_Tumors,Actinic_Keratosis,Infestations_Bites"
data/SkinDisease/SkinDisease/test/Unknown_Normal/Hand_0000108.jpeg,Unknown_Normal,Unknown_Normal,0.9998492002487183,True,"Unknown_Normal,Vasculitis,Vitiligo,Lichen,Sun_Sunlight_Damage"
data/SkinDisease/SkinDisease/test/Unknown_Normal/Hand_0000202.jpeg,Unknown_Normal,Unknown_Normal,0.9996640682220459,True,"Unknown_Normal,Vitiligo,SkinCancer,Vasculitis,DrugEruption"
data/SkinDisease/SkinDisease/test/Unknown_Normal/Hand_0000212.jpeg,Unknown_Normal,Unknown_Normal,0.9999865293502808,True,"Unknown_Normal,Actinic_Keratosis,Vitiligo,Infestations_Bites,Benign_tumors"
data/SkinDisease/SkinDisease/test/Unknown_Normal/Hand_0000424.jpeg,Unknown_Normal,Unknown_Normal,0.9999921321868896,True,"Unknown_Normal,Vitiligo,Actinic_Keratosis,Eczema,Candidiasis"
data/SkinDisease/SkinDisease/test/Unknown_Normal/Hand_0000456.jpeg,Unknown_Normal,Unknown_Normal,0.9999693632125854,True,"Unknown_Normal,Vitiligo,Lichen,Actinic_Keratosis,Psoriasis"
data/SkinDisease/SkinDisease/test/Unknown_Normal/Hand_0000510.jpeg,Unknown_Normal,Unknown_Normal,0.9999772310256958,True,"Unknown_Normal,Vitiligo,Moles,Sun_Sunlight_Damage,Vasculitis"
data/SkinDisease/SkinDisease/test/Unknown_Normal/Hand_0000542.jpeg,Unknown_Normal,Unknown_Normal,0.9999704360961914,True,"Unknown_Normal,Vitiligo,Vasculitis,DrugEruption,Eczema"
data/SkinDisease/SkinDisease/test/Unknown_Normal/Hand_0000552.jpeg,Unknown_Normal,Unknown_Normal,0.9999701976776123,True,"Unknown_Normal,Vitiligo,Lichen,Eczema,Actinic_Keratosis"
data/SkinDisease/SkinDisease/test/Unknown_Normal/Hand_0000594.jpeg,Unknown_Normal,Unknown_Normal,0.9999547004699707,True,"Unknown_Normal,Vitiligo,DrugEruption,Vascular_Tumors,Actinic_Keratosis"
data/SkinDisease/SkinDisease/test/Unknown_Normal/Hand_0000615.jpeg,Unknown_Normal,Unknown_Normal,0.9999713897705078,True,"Unknown_Normal,Vitiligo,DrugEruption,Vasculitis,SkinCancer"
data/SkinDisease/SkinDisease/test/Unknown_Normal/Hand_0000633.jpeg,Unknown_Normal,Unknown_Normal,0.9999548196792603,True,"Unknown_Normal,Vitiligo,Vasculitis,Actinic_Keratosis,SkinCancer"
data/SkinDisease/SkinDisease/test/Unknown_Normal/Hand_0000634.jpeg,Unknown_Normal,Unknown_Normal,0.9999232292175293,True,"Unknown_Normal,Vitiligo,Warts,Vasculitis,Actinic_Keratosis"
data/SkinDisease/SkinDisease/test/Unknown_Normal/Hand_0005634.jpeg,Unknown_Normal,Unknown_Normal,0.9999324083328247,True,"Unknown_Normal,Vitiligo,Vasculitis,Warts,Vascular_Tumors"
data/SkinDisease/SkinDisease/test/Unknown_Normal/Hand_0005704.jpeg,Unknown_Normal,Unknown_Normal,0.9999768733978271,True,"Unknown_Normal,Vitiligo,Vascular_Tumors,Vasculitis,Eczema"
data/SkinDisease/SkinDisease/test/Unknown_Normal/Hand_0006359.jpeg,Unknown_Normal,Unknown_Normal,0.9997970461845398,True,"Unknown_Normal,SkinCancer,Vitiligo,Vascular_Tumors,Actinic_Keratosis"
data/SkinDisease/SkinDisease/test/Unknown_Normal/Hand_0007107.jpeg,Unknown_Normal,Unknown_Normal,0.9999812841415405,True,"Unknown_Normal,Vasculitis,Vitiligo,Lupus,DrugEruption"
data/SkinDisease/SkinDisease/test/Unknown_Normal/Hand_0010193.jpeg,Unknown_Normal,Unknown_Normal,0.9999945163726807,True,"Unknown_Normal,Vitiligo,Vascular_Tumors,Moles,Actinic_Keratosis"
data/SkinDisease/SkinDisease/test/Unknown_Normal/Hand_0010965.jpeg,Unknown_Normal,Unknown_Normal,0.9999736547470093,True,"Unknown_Normal,Vitiligo,DrugEruption,Sun_Sunlight_Damage,SkinCancer"
data/SkinDisease/SkinDisease/test/Unknown_Normal/bodymap_chest_1640.jpeg,Unknown_Normal,Unknown_Normal,0.8916060924530029,True,"Unknown_Normal,Infestations_Bites,DrugEruption,Moles,Bullous"
data/SkinDisease/SkinDisease/test/Unknown_Normal/bodymap_shoulder_1640.jpeg,Unknown_Normal,Vitiligo,0.9961347579956055,False,"Vitiligo,Unknown_Normal,Actinic_Keratosis,DrugEruption,Lichen"
data/SkinDisease/SkinDisease/test/Unknown_Normal/chiruposter13082022.jpeg,Unknown_Normal,Vitiligo,0.8542905449867249,False,"Vitiligo,Unknown_Normal,Actinic_Keratosis,Lupus,SkinCancer"
data/SkinDisease/SkinDisease/test/Unknown_Normal/david-dibert-510.jpeg,Unknown_Normal,Unknown_Normal,0.9744529128074646,True,"Unknown_Normal,Vitiligo,Eczema,DrugEruption,Tinea"
data/SkinDisease/SkinDisease/test/Unknown_Normal/download (1) (10).jpeg,Unknown_Normal,Unknown_Normal,0.9997472167015076,True,"Unknown_Normal,Vitiligo,DrugEruption,Lichen,Psoriasis"
data/SkinDisease/SkinDisease/test/Unknown_Normal/download (1) (20).jpeg,Unknown_Normal,Unknown_Normal,0.9762401580810547,True,"Unknown_Normal,Actinic_Keratosis,Vitiligo,Bullous,Eczema"
data/SkinDisease/SkinDisease/test/Unknown_Normal/download (1) (27).jpeg,Unknown_Normal,Unknown_Normal,0.9999909400939941,True,"Unknown_Normal,Vitiligo,Actinic_Keratosis,Eczema,Infestations_Bites"
data/SkinDisease/SkinDisease/test/Unknown_Normal/download (1) (9).jpeg,Unknown_Normal,Unknown_Normal,0.9991455078125,True,"Unknown_Normal,DrugEruption,Lichen,Vitiligo,Psoriasis"
data/SkinDisease/SkinDisease/test/Unknown_Normal/download (10).jpeg,Unknown_Normal,Unknown_Normal,0.9998341798782349,True,"Unknown_Normal,Seborrh_Keratoses,Vitiligo,Warts,Bullous"
data/SkinDisease/SkinDisease/test/Unknown_Normal/download (17).jpeg,Unknown_Normal,Unknown_Normal,0.999428927898407,True,"Unknown_Normal,Vitiligo,DrugEruption,Eczema,Actinic_Keratosis"
data/SkinDisease/SkinDisease/test/Unknown_Normal/download (21).jpeg,Unknown_Normal,Unknown_Normal,0.9988870024681091,True,"Unknown_Normal,Vitiligo,DrugEruption,Lichen,Actinic_Keratosis"
data/SkinDisease/SkinDisease/test/Unknown_Normal/download (22).jpeg,Unknown_Normal,Unknown_Normal,0.9999632835388184,True,"Unknown_Normal,Vitiligo,Actinic_Keratosis,Psoriasis,Eczema"
data/SkinDisease/SkinDisease/test/Unknown_Normal/download (23).jpeg,Unknown_Normal,Unknown_Normal,0.9999585151672363,True,"Unknown_Normal,Actinic_Keratosis,Vitiligo,Lichen,Infestations_Bites"
data/SkinDisease/SkinDisease/test/Unknown_Normal/download (26).jpeg,Unknown_Normal,Unknown_Normal,0.9999465942382812,True,"Unknown_Normal,Vitiligo,Actinic_Keratosis,Infestations_Bites,Psoriasis"
data/SkinDisease/SkinDisease/test/Unknown_Normal/download (39).jpeg,Unknown_Normal,Unknown_Normal,0.9996328353881836,True,"Unknown_Normal,Vitiligo,Eczema,Lichen,Psoriasis"
data/SkinDisease/SkinDisease/test/Unknown_Normal/download (4).jpeg,Unknown_Normal,Unknown_Normal,0.9997566342353821,True,"Unknown_Normal,Vitiligo,Actinic_Keratosis,DrugEruption,Vascular_Tumors"
data/SkinDisease/SkinDisease/test/Unknown_Normal/download (5).jpeg,Unknown_Normal,Unknown_Normal,0.999715268611908,True,"Unknown_Normal,Eczema,SkinCancer,Vitiligo,Seborrh_Keratoses"
data/SkinDisease/SkinDisease/test/Unknown_Normal/download (50).jpeg,Unknown_Normal,Unknown_Normal,0.999903678894043,True,"Unknown_Normal,Vitiligo,DrugEruption,Infestations_Bites,Benign_tumors"
data/SkinDisease/SkinDisease/test/Unknown_Normal/exter-exterior-right-front-three-quarter-292.jpeg,Unknown_Normal,Unknown_Normal,0.9999837875366211,True,"Unknown_Normal,DrugEruption,Vitiligo,Eczema,Lichen"
data/SkinDisease/SkinDisease/test/Unknown_Normal/grey-crowned-crane-bird-crane-animal-458533.jpeg,Unknown_Normal,Unknown_Normal,0.9999887943267822,True,"Unknown_Normal,Vitiligo,Moles,Benign_tumors,Acne"
data/SkinDisease/SkinDisease/test/Unknown_Normal/hummingbird-bird-birds-349758.jpeg,Unknown_Normal,Unknown_Normal,0.9998946189880371,True,"Unknown_Normal,Vitiligo,DrugEruption,Lichen,Actinic_Keratosis"
data/SkinDisease/SkinDisease/test/Unknown_Normal/hunter-350-right-front-three-quarter2.jpeg,Unknown_Normal,Unknown_Normal,0.9999480247497559,True,"Unknown_Normal,Vitiligo,Eczema,Lichen,Infestations_Bites"
data/SkinDisease/SkinDisease/test/Unknown_Normal/hunter-350-right-front-three-quarter3.jpeg,Unknown_Normal,Unknown_Normal,0.9999738931655884,True,"Unknown_Normal,Vitiligo,Eczema,Infestations_Bites,Tinea"
data/SkinDisease/SkinDisease/test/Unknown_Normal/hurikan-440-right-side-view2.jpeg,Unknown_Normal,Unknown_Normal,0.9998086094856262,True,"Unknown_Normal,Vitiligo,Lichen,Benign_tumors,Seborrh_Keratoses"
data/SkinDisease/SkinDisease/test/Unknown_Normal/husqvarna-svartpilen-401.jpeg,Unknown_Normal,Unknown_Normal,0.999968409538269,True,"Unknown_Normal,Vitiligo,Eczema,Tinea,Lupus"
data/SkinDisease/SkinDisease/test/Unknown_Normal/image2.jpeg,Unknown_Normal,Unknown_Normal,0.9915130734443665,True,"Unknown_Normal,Vitiligo,Lichen,Psoriasis,Actinic_Keratosis"
data/SkinDisease/SkinDisease/test/Unknown_Normal/images (1) (13).jpeg,Unknown_Normal,Unknown_Normal,0.9998080134391785,True,"Unknown_Normal,Vitiligo,Infestations_Bites,Vasculitis,SkinCancer"
data/SkinDisease/SkinDisease/test/Unknown_Normal/images (1) (19).jpeg,Unknown_Normal,Unknown_Normal,0.9999018907546997,True,"Unknown_Normal,Vitiligo,Actinic_Keratosis,DrugEruption,Infestations_Bites"
data/SkinDisease/SkinDisease/test/Unknown_Normal/images (15).jpeg,Unknown_Normal,Vitiligo,0.9923697710037231,False,"Vitiligo,DrugEruption,Bullous,Actinic_Keratosis,Lupus"
data/SkinDisease/SkinDisease/test/Unknown_Normal/images (2) (12).jpeg,Unknown_Normal,Unknown_Normal,0.9999289512634277,True,"Unknown_Normal,Vitiligo,Actinic_Keratosis,DrugEruption,Lichen"
data/SkinDisease/SkinDisease/test/Unknown_Normal/images (2) (16).jpeg,Unknown_Normal,Actinic_Keratosis,0.5884915590286255,False,"Actinic_Keratosis,Unknown_Normal,Vitiligo,Sun_Sunlight_Damage,Rosacea"
data/SkinDisease/SkinDisease/test/Unknown_Normal/images (2) (22).jpeg,Unknown_Normal,Unknown_Normal,0.9999103546142578,True,"Unknown_Normal,Infestations_Bites,DrugEruption,Vitiligo,Actinic_Keratosis"
data/SkinDisease/SkinDisease/test/Unknown_Normal/images (2) (30).jpeg,Unknown_Normal,Unknown_Normal,0.9999895095825195,True,"Unknown_Normal,Vitiligo,Lichen,DrugEruption,Eczema"
data/SkinDisease/SkinDisease/test/Unknown_Normal/images (2) (5).jpeg,Unknown_Normal,Unknown_Normal,0.9880643486976624,True,"Unknown_Normal,Vitiligo,Actinic_Keratosis,Lichen,Bullous"
data/SkinDisease/SkinDisease/test/Unknown_Normal/images (2) (9).jpeg,Unknown_Normal,Unknown_Normal,0.9994269609451294,True,"Unknown_Normal,Actinic_Keratosis,DrugEruption,Rosacea,Infestations_Bites"
data/SkinDisease/SkinDisease/test/Unknown_Normal/images (23).jpeg,Unknown_Normal,Unknown_Normal,0.999945878982544,True,"Unknown_Normal,Vitiligo,Psoriasis,Lupus,Benign_tumors"
data/SkinDisease/SkinDisease/test/Unknown_Normal/images (30).jpeg,Unknown_Normal,Unknown_Normal,0.9999872446060181,True,"Unknown_Normal,Vitiligo,Actinic_Keratosis,DrugEruption,Lupus"
data/SkinDisease/SkinDisease/test/Unknown_Normal/pexels-photo-1108099.jpeg,Unknown_Normal,Unknown_Normal,0.9999210834503174,True,"Unknown_Normal,Vitiligo,Infestations_Bites,Warts,Actinic_Keratosis"
data/SkinDisease/SkinDisease/test/Unknown_Normal/pexels-photo-2295744.jpeg,Unknown_Normal,Unknown_Normal,0.9999978542327881,True,"Unknown_Normal,Vitiligo,Infestations_Bites,Lichen,Benign_tumors"
data/SkinDisease/SkinDisease/test/Unknown_Normal/pexels-photo-5728612.jpeg,Unknown_Normal,Unknown_Normal,0.999992847442627,True,"Unknown_Normal,Vitiligo,Lupus,Actinic_Keratosis,Infestations_Bites"
data/SkinDisease/SkinDisease/test/Unknown_Normal/pexels-photo-6354993.jpeg,Unknown_Normal,Unknown_Normal,0.9999709129333496,True,"Unknown_Normal,Vitiligo,Sun_Sunlight_Damage,Benign_tumors,DrugEruption"
data/SkinDisease/SkinDisease/test/Unknown_Normal/pexels-photo-97533.jpeg,Unknown_Normal,Unknown_Normal,0.9999624490737915,True,"Unknown_Normal,Vitiligo,Actinic_Keratosis,SkinCancer,DrugEruption"
data/SkinDisease/SkinDisease/test/Unknown_Normal/photo-1444464666168-49d633b86797.jpeg,Unknown_Normal,Unknown_Normal,0.9999943971633911,True,"Unknown_Normal,Vitiligo,Actinic_Keratosis,Eczema,Lichen"
data/SkinDisease/SkinDisease/test/Unknown_Normal/photo-1459262838948-3e2de6c1ec80.jpeg,Unknown_Normal,Unknown_Normal,0.9998965263366699,True,"Unknown_Normal,Vitiligo,Eczema,Lichen,DrugEruption"
data/SkinDisease/SkinDisease/test/Unknown_Normal/photo-1484024091473-858a1e7ece52.jpeg,Unknown_Normal,Unknown_Normal,0.9999092817306519,True,"Unknown_Normal,Actinic_Keratosis,Eczema,Vitiligo,Acne"
data/SkinDisease/SkinDisease/test/Unknown_Normal/photo-1495012379376-194a416fcc5f.jpeg,Unknown_Normal,Unknown_Normal,0.9999157190322876,True,"Unknown_Normal,Benign_tumors,Infestations_Bites,Vitiligo,DrugEruption"
data/SkinDisease/SkinDisease/test/Unknown_Normal/photo-1503926359680-9ddd5b2bcbdc.jpeg,Unknown_Normal,Unknown_Normal,0.9999771118164062,True,"Unknown_Normal,Vitiligo,Seborrh_Keratoses,Lichen,Infestations_Bites"
data/SkinDisease/SkinDisease/test/Unknown_Normal/photo-1508859459823-38ea91d8f937.jpeg,Unknown_Normal,Unknown_Normal,0.9998055100440979,True,"Unknown_Normal,Vitiligo,DrugEruption,Sun_Sunlight_Damage,SkinCancer"
data/SkinDisease/SkinDisease/test/Unknown_Normal/photo-1509628061459-1328d06c2ced.jpeg,Unknown_Normal,Unknown_Normal,0.9999111890792847,True,"Unknown_Normal,Vitiligo,Psoriasis,Infestations_Bites,Lupus"
data/SkinDisease/SkinDisease/test/Unknown_Normal/photo-1510924199351-4e9d94df18a6.jpeg,Unknown_Normal,Unknown_Normal,0.9998717308044434,True,"Unknown_Normal,Vitiligo,DrugEruption,Lupus,Moles"
data/SkinDisease/SkinDisease/test/Unknown_Normal/photo-1512373806263-ea7c704a1c16.jpeg,Unknown_Normal,Unknown_Normal,0.981290876865387,True,"Unknown_Normal,Vitiligo,Lichen,Eczema,Actinic_Keratosis"
data/SkinDisease/SkinDisease/test/Unknown_Normal/photo-1518495973542-4542c06a5843.jpeg,Unknown_Normal,Unknown_Normal,0.9996399879455566,True,"Unknown_Normal,Vitiligo,Vasculitis,Sun_Sunlight_Damage,Eczema"
data/SkinDisease/SkinDisease/test/Unknown_Normal/photo-1519817914152-22d216bb9170.jpeg,Unknown_Normal,Unknown_Normal,0.9998881816864014,True,"Unknown_Normal,Infestations_Bites,Vitiligo,Moles,Psoriasis"
data/SkinDisease/SkinDisease/test/Unknown_Normal/photo-1523949538449-87dd068b65e6.jpeg,Unknown_Normal,Unknown_Normal,0.9999847412109375,True,"Unknown_Normal,Vitiligo,Lichen,DrugEruption,Lupus"
data/SkinDisease/SkinDisease/test/Unknown_Normal/photo-1527161153332-99adcc6f2966.jpeg,Unknown_Normal,Unknown_Normal,0.9999915361404419,True,"Unknown_Normal,Vitiligo,SkinCancer,Sun_Sunlight_Damage,Actinic_Keratosis"
data/SkinDisease/SkinDisease/test/Unknown_Normal/photo-1533766837525-f6d19d32149a.jpeg,Unknown_Normal,Unknown_Normal,0.9999774694442749,True,"Unknown_Normal,Eczema,Vitiligo,DrugEruption,Tinea"
data/SkinDisease/SkinDisease/test/Unknown_Normal/photo-1534188753412-3e26d0d618d6.jpeg,Unknown_Normal,Unknown_Normal,0.9999539852142334,True,"Unknown_Normal,Vitiligo,Actinic_Keratosis,Infestations_Bites,Psoriasis"
data/SkinDisease/SkinDisease/test/Unknown_Normal/photo-1536427824649-fbf2e4a33d40.jpeg,Unknown_Normal,Unknown_Normal,0.9999903440475464,True,"Unknown_Normal,Vitiligo,Lichen,Lupus,Actinic_Keratosis"
data/SkinDisease/SkinDisease/test/Unknown_Normal/photo-1544779493-aa344a6ddaac.jpeg,Unknown_Normal,Unknown_Normal,0.9999868869781494,True,"Unknown_Normal,Vitiligo,Benign_tumors,Infestations_Bites,Actinic_Keratosis"
data/SkinDisease/SkinDisease/test/Unknown_Normal/photo-1546868871-7041f2a55e12.jpeg,Unknown_Normal,Unknown_Normal,0.9999960660934448,True,"Unknown_Normal,Vitiligo,Vasculitis,Lichen,Seborrh_Keratoses"
data/SkinDisease/SkinDisease/test/Unknown_Normal/photo-1551946581-f7a62cd2f00b.jpeg,Unknown_Normal,Unknown_Normal,0.9999521970748901,True,"Unknown_Normal,Vitiligo,Actinic_Keratosis,Eczema,Lichen"
data/SkinDisease/SkinDisease/test/Unknown_Normal/photo-1552966722-0a3e28ba2735.jpeg,Unknown_Normal,Vitiligo,0.7082536220550537,False,"Vitiligo,Unknown_Normal,Actinic_Keratosis,Moles,SkinCancer"
data/SkinDisease/SkinDisease/test/Unknown_Normal/photo-1556910096-6f5e72db6803.jpeg,Unknown_Normal,Unknown_Normal,0.999948263168335,True,"Unknown_Normal,Eczema,Rosacea,Vitiligo,Actinic_Keratosis"
data/SkinDisease/SkinDisease/test/Unknown_Normal/photo-1557242836-b5ab8bb0ebb4.jpeg,Unknown_Normal,Unknown_Normal,0.9999926090240479,True,"Unknown_Normal,Vitiligo,Lichen,Psoriasis,DrugEruption"
data/SkinDisease/SkinDisease/test/Unknown_Normal/photo-1558387883-4bd9b06312d6.jpeg,Unknown_Normal,Unknown_Normal,0.9998972415924072,True,"Unknown_Normal,Vitiligo,SkinCancer,Benign_tumors,DrugEruption"
data/SkinDisease/SkinDisease/test/Unknown_Normal/photo-1559746261-8e366f3b045f.jpeg,Unknown_Normal,Unknown_Normal,0.9991530179977417,True,"Unknown_Normal,Vitiligo,Benign_tumors,Lichen,Seborrh_Keratoses"
data/SkinDisease/SkinDisease/test/Unknown_Normal/photo-1561780535-118e36e56095.jpeg,Unknown_Normal,Unknown_Normal,0.9971839785575867,True,"Unknown_Normal,Vitiligo,Lupus,Actinic_Keratosis,Moles"
data/SkinDisease/SkinDisease/test/Unknown_Normal/photo-1562569633-622303bafef5.jpeg,Unknown_Normal,Unknown_Normal,0.9999473094940186,True,"Unknown_Normal,Warts,Lichen,Eczema,Vitiligo"
data/SkinDisease/SkinDisease/test/Unknown_Normal/photo-1563630381190-77c336ea545a.jpeg,Unknown_Normal,Unknown_Normal,0.9999911785125732,True,"Unknown_Normal,Vitiligo,Warts,Sun_Sunlight_Damage,Vascular_Tumors"
data/SkinDisease/SkinDisease/test/Unknown_Normal/photo-1564349683136-77e08dba1ef7.jpeg,Unknown_Normal,Unknown_Normal,0.9999611377716064,True,"Unknown_Normal,Actinic_Keratosis,Vitiligo,SkinCancer,Moles"
data/SkinDisease/SkinDisease/test/Unknown_Normal/photo-1570857502809-08184874388e.jpeg,Unknown_Normal,Unknown_Normal,0.975658655166626,True,"Unknown_Normal,Vitiligo,DrugEruption,Moles,Eczema"
data/SkinDisease/SkinDisease/test/Unknown_Normal/photo-1571575173700-afb9492e6a50.jpeg,Unknown_Normal,Unknown_Normal,0.999980092048645,True,"Unknown_Normal,Lichen,Vitiligo,Actinic_Keratosis,Eczema"
data/SkinDisease/SkinDisease/test/Unknown_Normal/photo-1577703691096-6de1c5c3fa85.jpeg,Unknown_Normal,Unknown_Normal,0.9999899864196777,True,"Unknown_Normal,Vitiligo,Actinic_Keratosis,Benign_tumors,Lichen"
data/SkinDisease/SkinDisease/test/Unknown_Normal/photo-1580200213184-c6aad1610aec.jpeg,Unknown_Normal,Unknown_Normal,0.9999929666519165,True,"Unknown_Normal,Vitiligo,Benign_tumors,Infestations_Bites,SkinCancer"
data/SkinDisease/SkinDisease/test/Unknown_Normal/photo-1581655353564-df123a1eb820.jpeg,Unknown_Normal,Unknown_Normal,0.9874702095985413,True,"Unknown_Normal,Vitiligo,Lichen,Tinea,Psoriasis"
data/SkinDisease/SkinDisease/test/Unknown_Normal/photo-1586617356423-52763004deac.jpeg,Unknown_Normal,Unknown_Normal,0.9999951124191284,True,"Unknown_Normal,Vitiligo,Acne,DrugEruption,Lupus"
data/SkinDisease/SkinDisease/test/Unknown_Normal/photo-1587049633312-d628ae50a8ae.jpeg,Unknown_Normal,Unknown_Normal,0.9999357461929321,True,"Unknown_Normal,Vitiligo,Lichen,Moles,Infestations_Bites"
data/SkinDisease/SkinDisease/test/Unknown_Normal/photo-1587334207407-deb137a955ba.jpeg,Unknown_Normal,Unknown_Normal,0.9999822378158569,True,"Unknown_Normal,Actinic_Keratosis,Vitiligo,Acne,Infestations_Bites"
data/SkinDisease/SkinDisease/test/Unknown_Normal/photo-1590418270220-243198c900cc.jpeg,Unknown_Normal,Unknown_Normal,0.9999309778213501,True,"Unknown_Normal,Vitiligo,Actinic_Keratosis,Lichen,Eczema"
data/SkinDisease/SkinDisease/test/Unknown_Normal/photo-1590435026808-ec9a5b6632f9.jpeg,Unknown_Normal,Unknown_Normal,0.9999909400939941,True,"Unknown_Normal,Vitiligo,Warts,Vascular_Tumors,Actinic_Keratosis"
data/SkinDisease/SkinDisease/test/Unknown_Normal/photo-1590741276397-5cb81c3bf8de.jpeg,Unknown_Normal,Unknown_Normal,0.9999923706054688,True,"Unknown_Normal,Actinic_Keratosis,Infestations_Bites,Vitiligo,Sun_Sunlight_Damage"
data/SkinDisease/SkinDisease/test/Unknown_Normal/photo-1592335445215-aaf2b5fe58c0.jpeg,Unknown_Normal,Unknown_Normal,0.9997536540031433,True,"Unknown_Normal,Vitiligo,Lichen,Actinic_Keratosis,Eczema"
data/SkinDisease/SkinDisease/test/Unknown_Normal/photo-1601050690294-397f3c324515.jpeg,Unknown_Normal,Unknown_Normal,0.9996688365936279,True,"Unknown_Normal,Vitiligo,Lupus,Vasculitis,Infestations_Bites"
data/SkinDisease/SkinDisease/test/Unknown_Normal/photo-1603251579431-8041402bdeda.jpeg,Unknown_Normal,Unknown_Normal,0.9999713897705078,True,"Unknown_Normal,Vitiligo,Infestations_Bites,Eczema,Lichen"
data/SkinDisease/SkinDisease/test/Unknown_Normal/photo-1603632088148-3680d7e5dda2.jpeg,Unknown_Normal,Unknown_Normal,0.9999426603317261,True,"Unknown_Normal,Vitiligo,Benign_tumors,Lupus,Warts"
data/SkinDisease/SkinDisease/test/Unknown_Normal/photo-1607992922515-7e38329e65d4.jpeg,Unknown_Normal,Unknown_Normal,0.9995831847190857,True,"Unknown_Normal,Vitiligo,Tinea,Psoriasis,Eczema"
data/SkinDisease/SkinDisease/test/Unknown_Normal/photo-1610444833203-69c3b23321a0.jpeg,Unknown_Normal,Unknown_Normal,0.9993404746055603,True,"Unknown_Normal,Lichen,Vitiligo,Lupus,Eczema"
data/SkinDisease/SkinDisease/test/Unknown_Normal/photo-1612258644055-d0ed1fa446f7.jpeg,Unknown_Normal,Unknown_Normal,0.9999880790710449,True,"Unknown_Normal,Vitiligo,Infestations_Bites,DrugEruption,Benign_tumors"
data/SkinDisease/SkinDisease/test/Unknown_Normal/photo-1613318282885-2168d00a8d2e.jpeg,Unknown_Normal,Unknown_Normal,0.9999682903289795,True,"Unknown_Normal,Vitiligo,Benign_tumors,Lichen,Infestations_Bites"
data/SkinDisease/SkinDisease/test/Unknown_Normal/photo-1616515998334-5f157710a178.jpeg,Unknown_Normal,Unknown_Normal,0.999988317489624,True,"Unknown_Normal,Actinic_Keratosis,Infestations_Bites,DrugEruption,Vitiligo"
data/SkinDisease/SkinDisease/test/Unknown_Normal/photo-1620196244888-d31ff5bbf163.jpeg,Unknown_Normal,Unknown_Normal,0.9999923706054688,True,"Unknown_Normal,Vitiligo,Infestations_Bites,Psoriasis,Benign_tumors"
data/SkinDisease/SkinDisease/test/Unknown_Normal/photo-1627787489784-4abd690c03c2.jpeg,Unknown_Normal,Unknown_Normal,0.9999927282333374,True,"Unknown_Normal,Vitiligo,Psoriasis,Benign_tumors,Lichen"
data/SkinDisease/SkinDisease/test/Unknown_Normal/photo-1675506692446-d8dc4ce5047c.jpeg,Unknown_Normal,Unknown_Normal,0.9745444655418396,True,"Unknown_Normal,Benign_tumors,Infestations_Bites,Vitiligo,Vasculitis"
data/SkinDisease/SkinDisease/test/Unknown_Normal/premium_photo-1666237390552-dca0ad72629c.jpeg,Unknown_Normal,Unknown_Normal,0.9999521970748901,True,"Unknown_Normal,Vitiligo,Benign_tumors,Infestations_Bites,Tinea"
data/SkinDisease/SkinDisease/test/Unknown_Normal/premium_photo-1666361680422-dde2b34f91cb.jpeg,Unknown_Normal,Unknown_Normal,0.9997255206108093,True,"Unknown_Normal,DrugEruption,Eczema,Sun_Sunlight_Damage,Actinic_Keratosis"
data/SkinDisease/SkinDisease/test/Unknown_Normal/premium_photo-1666777253038-e66184b5cb16.jpeg,Unknown_Normal,Unknown_Normal,0.9999979734420776,True,"Unknown_Normal,Vitiligo,Actinic_Keratosis,DrugEruption,Eczema"
data/SkinDisease/SkinDisease/test/Unknown_Normal/premium_photo-1668208363412-8f668417e44e.jpeg,Unknown_Normal,Unknown_Normal,0.9999783039093018,True,"Unknown_Normal,Actinic_Keratosis,Infestations_Bites,Vitiligo,Lupus"
data/SkinDisease/SkinDisease/test/Unknown_Normal/premium_photo-1669725687138-f570eda7393c.jpeg,Unknown_Normal,Unknown_Normal,0.9992121458053589,True,"Unknown_Normal,Warts,Seborrh_Keratoses,Vitiligo,Moles"
data/SkinDisease/SkinDisease/test/Unknown_Normal/premium_photo-1673455210352-ceb2a0214bc4.jpeg,Unknown_Normal,Unknown_Normal,0.9999430179595947,True,"Unknown_Normal,Benign_tumors,Vitiligo,Moles,Infestations_Bites"
data/SkinDisease/SkinDisease/test/Unknown_Normal/shopping (6).jpeg,Unknown_Normal,Unknown_Normal,0.9514665603637695,True,"Unknown_Normal,Vitiligo,Actinic_Keratosis,Benign_tumors,Lichen"
data/SkinDisease/SkinDisease/test/Unknown_Normal/wrev1ljvQ6KlfyljCQG0_lion.jpeg,Unknown_Normal,Unknown_Normal,0.9999263286590576,True,"Unknown_Normal,Vitiligo,Benign_tumors,Eczema,Infestations_Bites"
data/SkinDisease/SkinDisease/test/Vascular_Tumors/HomaniomacIMG002-GP3.jpeg,Vascular_Tumors,Vascular_Tumors,0.9817109107971191,True,"Vascular_Tumors,Psoriasis,SkinCancer,Moles,Vasculitis"
data/SkinDisease/SkinDisease/test/Vascular_Tumors/angiokeratomas-17.jpeg,Vascular_Tumors,Vasculitis,0.6615400314331055,False,"Vasculitis,Vascular_Tumors,Lichen,Benign_tumors,DrugEruption"
data/SkinDisease/SkinDisease/test/Vascular_Tumors/angiokeratomas-22.jpeg,Vascular_Tumors,Vascular_Tumors,0.9789083003997803,True,"Vascular_Tumors,Vasculitis,Acne,Benign_tumors,SkinCancer"
data/SkinDisease/SkinDisease/test/Vascular_Tumors/angiokeratomas-36.jpeg,Vascular_Tumors,Vascular_Tumors,0.7682766318321228,True,"Vascular_Tumors,Vasculitis,Moles,SkinCancer,Psoriasis"
data/SkinDisease/SkinDisease/test/Vascular_Tumors/angiokeratomas-47.jpeg,Vascular_Tumors,Vascular_Tumors,0.8904100060462952,True,"Vascular_Tumors,Benign_tumors,Infestations_Bites,Moles,Vasculitis"
data/SkinDisease/SkinDisease/test/Vascular_Tumors/angiokeratomas-6.jpeg,Vascular_Tumors,Vascular_Tumors,0.9887558817863464,True,"Vascular_Tumors,Bullous,Warts,SkinCancer,Benign_tumors"
data/SkinDisease/SkinDisease/test/Vascular_Tumors/angiokeratomas-8.jpeg,Vascular_Tumors,Vascular_Tumors,0.997365415096283,True,"Vascular_Tumors,Vasculitis,DrugEruption,Benign_tumors,Lichen"
data/SkinDisease/SkinDisease/test/Vascular_Tumors/av-malformation-1.jpeg,Vascular_Tumors,Vascular_Tumors,0.9170327186584473,True,"Vascular_Tumors,Vasculitis,Benign_tumors,Sun_Sunlight_Damage,DrugEruption"
data/SkinDisease/SkinDisease/test/Vascular_Tumors/cherry-angioma-22.jpeg,Vascular_Tumors,Vascular_Tumors,0.41660234332084656,True,"Vascular_Tumors,Moles,SkinCancer,Psoriasis,Seborrh_Keratoses"
data/SkinDisease/SkinDisease/test/Vascular_Tumors/cherry-angioma-24.jpeg,Vascular_Tumors,Benign_tumors,0.7172014117240906,False,"Benign_tumors,Vascular_Tumors,Infestations_Bites,Tinea,Candidiasis"
data/SkinDisease/SkinDisease/test/Vascular_Tumors/cherry-angioma-28.jpeg,Vascular_Tumors,Vascular_Tumors,0.6758258938789368,True,"Vascular_Tumors,Moles,SkinCancer,Psoriasis,Benign_tumors"
data/SkinDisease/SkinDisease/test/Vascular_Tumors/hemangioma-11.jpeg,Vascular_Tumors,Vascular_Tumors,0.9997064471244812,True,"Vascular_Tumors,Benign_tumors,SkinCancer,Moles,Vasculitis"
data/SkinDisease/SkinDisease/test/Vascular_Tumors/hemangioma-13.jpeg,Vascular_Tumors,Vascular_Tumors,0.9999815225601196,True,"Vascular_Tumors,SkinCancer,Moles,Vasculitis,Bullous"
data/SkinDisease/SkinDisease/test/Vascular_Tumors/hemangioma-46.jpeg,Vascular_Tumors,Benign_tumors,0.3508952856063843,False,"Benign_tumors,SkinCancer,Sun_Sunlight_Damage,Eczema,Actinic_Keratosis"
data/SkinDisease/SkinDisease/test/Vascular_Tumors/hemangioma-49.jpeg,Vascular_Tumors,Benign_tumors,0.8076390027999878,False,"Benign_tumors,Vascular_Tumors,Infestations_Bites,Vasculitis,SkinCancer"
data/SkinDisease/SkinDisease/test/Vascular_Tumors/hemangioma-50.jpeg,Vascular_Tumors,SkinCancer,0.8712058663368225,False,"SkinCancer,Benign_tumors,Rosacea,Sun_Sunlight_Damage,Vascular_Tumors"
data/SkinDisease/SkinDisease/test/Vascular_Tumors/hemangioma-764.jpeg,Vascular_Tumors,Vascular_Tumors,0.9995330572128296,True,"Vascular_Tumors,SkinCancer,Benign_tumors,Vasculitis,Moles"
data/SkinDisease/SkinDisease/test/Vascular_Tumors/hemangioma-infancy-16.jpeg,Vascular_Tumors,Benign_tumors,0.46254897117614746,False,"Benign_tumors,Seborrh_Keratoses,SkinCancer,Vascular_Tumors,Warts"
data/SkinDisease/SkinDisease/test/Vascular_Tumors/hemangioma-infancy-18.jpeg,Vascular_Tumors,Vascular_Tumors,0.9999794960021973,True,"Vascular_Tumors,Benign_tumors,SkinCancer,Warts,Tinea"
data/SkinDisease/SkinDisease/test/Vascular_Tumors/hemangioma-infancy-27.jpeg,Vascular_Tumors,Vascular_Tumors,0.9968059062957764,True,"Vascular_Tumors,Tinea,DrugEruption,Candidiasis,Benign_tumors"
data/SkinDisease/SkinDisease/test/Vascular_Tumors/hemangioma-infancy-30.jpeg,Vascular_Tumors,Vascular_Tumors,0.8973554372787476,True,"Vascular_Tumors,DrugEruption,Vasculitis,Benign_tumors,Bullous"
data/SkinDisease/SkinDisease/test/Vascular_Tumors/hemangioma-infancy-34.jpeg,Vascular_Tumors,Vascular_Tumors,0.9877926707267761,True,"Vascular_Tumors,Bullous,Infestations_Bites,SkinCancer,Benign_tumors"
data/SkinDisease/SkinDisease/test/Vascular_Tumors/hemangioma-infancy-44.jpeg,Vascular_Tumors,Vascular_Tumors,0.9984810948371887,True,"Vascular_Tumors,Bullous,Acne,Vasculitis,Benign_tumors"
data/SkinDisease/SkinDisease/test/Vascular_Tumors/hemangioma-infancy-49.jpeg,Vascular_Tumors,Vascular_Tumors,0.9436303973197937,True,"Vascular_Tumors,Bullous,DrugEruption,Benign_tumors,Infestations_Bites"
data/SkinDisease/SkinDisease/test/Vascular_Tumors/hemangioma-infancy-57.jpeg,Vascular_Tumors,Vascular_Tumors,0.9264234900474548,True,"Vascular_Tumors,Benign_tumors,DrugEruption,Eczema,Bullous"
data/SkinDisease/SkinDisease/test/Vascular_Tumors/hemangioma-infancy-59.jpeg,Vascular_Tumors,Vascular_Tumors,0.9938370585441589,True,"Vascular_Tumors,Rosacea,DrugEruption,Unknown_Normal,Benign_tumors"
data/SkinDisease/SkinDisease/test/Vascular_Tumors/kaposi-sarcoma-12.jpeg,Vascular_Tumors,Vasculitis,0.8380604386329651,False,"Vasculitis,DrugEruption,Sun_Sunlight_Damage,Lichen,Infestations_Bites"
data/SkinDisease/SkinDisease/test/Vascular_Tumors/kaposi-sarcoma-27.jpeg,Vascular_Tumors,Vascular_Tumors,0.9969593286514282,True,"Vascular_Tumors,Vasculitis,DrugEruption,SkinCancer,Bullous"
data/SkinDisease/SkinDisease/test/Vascular_Tumors/kaposi-sarcoma-3.jpeg,Vascular_Tumors,Eczema,0.4954819679260254,False,"Eczema,Vascular_Tumors,Sun_Sunlight_Damage,Vasculitis,Tinea"
data/SkinDisease/SkinDisease/test/Vascular_Tumors/kaposi-sarcoma-30.jpeg,Vascular_Tumors,Benign_tumors,0.5548632740974426,False,"Benign_tumors,Vascular_Tumors,SkinCancer,Moles,Vasculitis"
data/SkinDisease/SkinDisease/test/Vascular_Tumors/kaposi-sarcoma-37.jpeg,Vascular_Tumors,Vascular_Tumors,0.999967098236084,True,"Vascular_Tumors,Benign_tumors,Vasculitis,Bullous,SkinCancer"
data/SkinDisease/SkinDisease/test/Vascular_Tumors/kaposi-sarcoma-42.jpeg,Vascular_Tumors,Vascular_Tumors,0.9998888969421387,True,"Vascular_Tumors,SkinCancer,Vasculitis,Eczema,Sun_Sunlight_Damage"
data/SkinDisease/SkinDisease/test/Vascular_Tumors/lymphangioma-circumscriptum-1.jpeg,Vascular_Tumors,Vascular_Tumors,0.9917137622833252,True,"Vascular_Tumors,Vasculitis,SkinCancer,Warts,Moles"
data/SkinDisease/SkinDisease/test/Vascular_Tumors/lymphangioma-circumscriptum-8.jpeg,Vascular_Tumors,Benign_tumors,0.9909824728965759,False,"Benign_tumors,Tinea,Seborrh_Keratoses,Lichen,Warts"
data/SkinDisease/SkinDisease/test/Vascular_Tumors/pyogenic-granuloma-19.jpeg,Vascular_Tumors,Vascular_Tumors,0.9289504885673523,True,"Vascular_Tumors,Infestations_Bites,Benign_tumors,SkinCancer,Vasculitis"
data/SkinDisease/SkinDisease/test/Vascular_Tumors/pyogenic-granuloma-31.jpeg,Vascular_Tumors,Vascular_Tumors,0.9999239444732666,True,"Vascular_Tumors,SkinCancer,Benign_tumors,Vasculitis,Infestations_Bites"
data/SkinDisease/SkinDisease/test/Vascular_Tumors/pyogenic-granuloma-33.jpeg,Vascular_Tumors,Benign_tumors,0.8034378886222839,False,"Benign_tumors,Moles,Vascular_Tumors,SkinCancer,Psoriasis"
data/SkinDisease/SkinDisease/test/Vascular_Tumors/pyogenic-granuloma-51.jpeg,Vascular_Tumors,Vascular_Tumors,0.9656168222427368,True,"Vascular_Tumors,Acne,Warts,SkinCancer,Benign_tumors"
data/SkinDisease/SkinDisease/test/Vascular_Tumors/pyogenic-granuloma-52.jpeg,Vascular_Tumors,Vasculitis,0.5677735805511475,False,"Vasculitis,Vascular_Tumors,Infestations_Bites,Acne,Warts"
data/SkinDisease/SkinDisease/test/Vascular_Tumors/pyogenic-granuloma-56.jpeg,Vascular_Tumors,Vascular_Tumors,0.9999278783798218,True,"Vascular_Tumors,Benign_tumors,Warts,Acne,Actinic_Keratosis"
data/SkinDisease/SkinDisease/test/Vascular_Tumors/pyogenic-granuloma-71.jpeg,Vascular_Tumors,Vascular_Tumors,0.999977707862854,True,"Vascular_Tumors,Benign_tumors,Vasculitis,Tinea,SkinCancer"
data/SkinDisease/SkinDisease/test/Vascular_Tumors/spider-angioma-8.jpeg,Vascular_Tumors,Vascular_Tumors,0.748921275138855,True,"Vascular_Tumors,Benign_tumors,SkinCancer,Actinic_Keratosis,Moles"
data/SkinDisease/SkinDisease/test/Vascular_Tumors/telangiectasias-14.jpeg,Vascular_Tumors,Benign_tumors,0.2856081426143646,False,"Benign_tumors,Vascular_Tumors,Sun_Sunlight_Damage,Rosacea,SkinCancer"
data/SkinDisease/SkinDisease/test/Vascular_Tumors/telangiectasias-19.jpeg,Vascular_Tumors,Vascular_Tumors,0.9778509736061096,True,"Vascular_Tumors,Rosacea,SkinCancer,Benign_tumors,Actinic_Keratosis"
data/SkinDisease/SkinDisease/test/Vascular_Tumors/telangiectasias-2.jpeg,Vascular_Tumors,Vascular_Tumors,0.6058928370475769,True,"Vascular_Tumors,DrugEruption,Vasculitis,Lichen,Infestations_Bites"
data/SkinDisease/SkinDisease/test/Vascular_Tumors/telangiectasias-22.jpeg,Vascular_Tumors,Vascular_Tumors,0.8257165551185608,True,"Vascular_Tumors,Psoriasis,SkinCancer,Tinea,Sun_Sunlight_Damage"
data/SkinDisease/SkinDisease/test/Vascular_Tumors/telangiectasias-26.jpeg,Vascular_Tumors,Vascular_Tumors,0.9954392313957214,True,"Vascular_Tumors,SkinCancer,Moles,DrugEruption,Bullous"
data/SkinDisease/SkinDisease/test/Vascular_Tumors/telangiectasias-3.jpeg,Vascular_Tumors,Vascular_Tumors,0.990581750869751,True,"Vascular_Tumors,Rosacea,Acne,SkinCancer,Sun_Sunlight_Damage"
data/SkinDisease/SkinDisease/test/Vascular_Tumors/telangiectasias-44.jpeg,Vascular_Tumors,Vascular_Tumors,0.9300636053085327,True,"Vascular_Tumors,DrugEruption,Sun_Sunlight_Damage,Tinea,SkinCancer"
data/SkinDisease/SkinDisease/test/Vascular_Tumors/telangiectasias-47.jpeg,Vascular_Tumors,Vascular_Tumors,0.9989809393882751,True,"Vascular_Tumors,Acne,Benign_tumors,Rosacea,Warts"
data/SkinDisease/SkinDisease/test/Vascular_Tumors/telangiectasias-48.jpeg,Vascular_Tumors,Vascular_Tumors,0.9924604296684265,True,"Vascular_Tumors,SkinCancer,Moles,Sun_Sunlight_Damage,Vasculitis"
data/SkinDisease/SkinDisease/test/Vascular_Tumors/telangiectasias-57.jpeg,Vascular_Tumors,Benign_tumors,0.48304450511932373,False,"Benign_tumors,SkinCancer,Vascular_Tumors,Sun_Sunlight_Damage,Acne"
data/SkinDisease/SkinDisease/test/Vascular_Tumors/vascular-anomaly-8.jpeg,Vascular_Tumors,Eczema,0.9708850383758545,False,"Eczema,Vascular_Tumors,Infestations_Bites,Candidiasis,Psoriasis"
data/SkinDisease/SkinDisease/test/Vascular_Tumors/venous-lake-38.jpeg,Vascular_Tumors,Vascular_Tumors,0.9985719919204712,True,"Vascular_Tumors,Rosacea,DrugEruption,Actinic_Keratosis,Sun_Sunlight_Damage"
data/SkinDisease/SkinDisease/test/Vascular_Tumors/venous-lake-43.jpeg,Vascular_Tumors,Vascular_Tumors,0.9968265891075134,True,"Vascular_Tumors,DrugEruption,Actinic_Keratosis,Moles,Lichen"
data/SkinDisease/SkinDisease/test/Vascular_Tumors/venous-malformations-25.jpeg,Vascular_Tumors,Vascular_Tumors,0.9999967813491821,True,"Vascular_Tumors,Benign_tumors,SkinCancer,Eczema,Moles"
data/SkinDisease/SkinDisease/test/Vascular_Tumors/venous-malformations-36.jpeg,Vascular_Tumors,Vascular_Tumors,0.9603350162506104,True,"Vascular_Tumors,Actinic_Keratosis,Eczema,Sun_Sunlight_Damage,Rosacea"
data/SkinDisease/SkinDisease/test/Vascular_Tumors/venous-malformations-50.jpeg,Vascular_Tumors,Vascular_Tumors,0.9233109951019287,True,"Vascular_Tumors,Lupus,Benign_tumors,DrugEruption,Tinea"
data/SkinDisease/SkinDisease/test/Vascular_Tumors/venous-malformations-54.jpeg,Vascular_Tumors,Vascular_Tumors,0.9717925786972046,True,"Vascular_Tumors,SkinCancer,Vasculitis,DrugEruption,Moles"
data/SkinDisease/SkinDisease/test/Vascular_Tumors/venous-malformations-8.jpeg,Vascular_Tumors,Vascular_Tumors,0.999790608882904,True,"Vascular_Tumors,SkinCancer,Moles,Vasculitis,Actinic_Keratosis"
data/SkinDisease/SkinDisease/test/Vasculitis/Atypical-Pyoderma-Gangrenosum-1.jpeg,Vasculitis,Vascular_Tumors,0.9975626468658447,False,"Vascular_Tumors,DrugEruption,Vasculitis,Benign_tumors,Warts"
data/SkinDisease/SkinDisease/test/Vasculitis/erythema-multiforme-100.jpeg,Vasculitis,Vasculitis,0.9436967372894287,True,"Vasculitis,Eczema,DrugEruption,Infestations_Bites,Bullous"
data/SkinDisease/SkinDisease/test/Vasculitis/erythema-multiforme-117.jpeg,Vasculitis,Tinea,0.9266991019248962,False,"Tinea,Psoriasis,Lichen,Eczema,Vitiligo"
data/SkinDisease/SkinDisease/test/Vasculitis/erythema-multiforme-122.jpeg,Vasculitis,Vasculitis,0.9911686182022095,True,"Vasculitis,DrugEruption,Eczema,Psoriasis,Infestations_Bites"
data/SkinDisease/SkinDisease/test/Vasculitis/erythema-multiforme-127.jpeg,Vasculitis,Vasculitis,0.9999845027923584,True,"Vasculitis,DrugEruption,Infestations_Bites,Lichen,SkinCancer"
data/SkinDisease/SkinDisease/test/Vasculitis/erythema-multiforme-143.jpeg,Vasculitis,Vasculitis,0.9969673752784729,True,"Vasculitis,DrugEruption,Eczema,Bullous,Sun_Sunlight_Damage"
data/SkinDisease/SkinDisease/test/Vasculitis/erythema-multiforme-149.jpeg,Vasculitis,Vasculitis,0.9023534655570984,True,"Vasculitis,Eczema,Psoriasis,Lichen,Tinea"
data/SkinDisease/SkinDisease/test/Vasculitis/erythema-multiforme-22.jpeg,Vasculitis,Lupus,0.5189744830131531,False,"Lupus,Vasculitis,DrugEruption,SkinCancer,Vascular_Tumors"
data/SkinDisease/SkinDisease/test/Vasculitis/erythema-multiforme-28.jpeg,Vasculitis,Vasculitis,0.9674051403999329,True,"Vasculitis,Eczema,Tinea,Warts,Lichen"
data/SkinDisease/SkinDisease/test/Vasculitis/erythema-multiforme-32.jpeg,Vasculitis,SkinCancer,0.8900318741798401,False,"SkinCancer,Vasculitis,Moles,Vascular_Tumors,Infestations_Bites"
data/SkinDisease/SkinDisease/test/Vasculitis/erythema-multiforme-88.jpeg,Vasculitis,Vasculitis,0.7421712875366211,True,"Vasculitis,Tinea,Eczema,DrugEruption,Sun_Sunlight_Damage"
data/SkinDisease/SkinDisease/test/Vasculitis/erythema-multiforme-95.jpeg,Vasculitis,Vasculitis,0.9992521405220032,True,"Vasculitis,Bullous,DrugEruption,Eczema,Lichen"
data/SkinDisease/SkinDisease/test/Vasculitis/erythema-nodosum-27.jpeg,Vasculitis,Vasculitis,0.9997654557228088,True,"Vasculitis,Eczema,Bullous,Tinea,Infestations_Bites"
data/SkinDisease/SkinDisease/test/Vasculitis/erythema-nodosum-33.jpeg,Vasculitis,Vasculitis,0.9999911785125732,True,"Vasculitis,DrugEruption,Eczema,Infestations_Bites,Sun_Sunlight_Damage"
data/SkinDisease/SkinDisease/test/Vasculitis/henoch-schonlein-purpura-19.jpeg,Vasculitis,Vasculitis,0.9758432507514954,True,"Vasculitis,Bullous,Infestations_Bites,Sun_Sunlight_Damage,SkinCancer"
data/SkinDisease/SkinDisease/test/Vasculitis/henoch-schonlein-purpura-21.jpeg,Vasculitis,Vasculitis,0.997769832611084,True,"Vasculitis,Psoriasis,Eczema,Benign_tumors,Vascular_Tumors"
data/SkinDisease/SkinDisease/test/Vasculitis/henoch-schonlein-purpura-24.jpeg,Vasculitis,Vasculitis,0.9999418258666992,True,"Vasculitis,Psoriasis,Vascular_Tumors,Eczema,DrugEruption"
data/SkinDisease/SkinDisease/test/Vasculitis/interstitial-granulomatous-dermatitis-20.jpeg,Vasculitis,Vasculitis,0.9947230815887451,True,"Vasculitis,Infestations_Bites,Acne,DrugEruption,Eczema"
data/SkinDisease/SkinDisease/test/Vasculitis/interstitial-granulomatous-dermatitis-3.jpeg,Vasculitis,Vasculitis,0.9983780384063721,True,"Vasculitis,Infestations_Bites,Eczema,Psoriasis,Bullous"
data/SkinDisease/SkinDisease/test/Vasculitis/interstitial-granulomatous-dermatitis-8.jpeg,Vasculitis,Acne,0.8438221216201782,False,"Acne,Eczema,Vasculitis,Lupus,Infestations_Bites"
data/SkinDisease/SkinDisease/test/Vasculitis/pyoderma-gangrenosum-1.jpeg,Vasculitis,Vasculitis,0.9527918100357056,True,"Vasculitis,Benign_tumors,SkinCancer,Bullous,Seborrh_Keratoses"
data/SkinDisease/SkinDisease/test/Vasculitis/pyoderma-gangrenosum-23.jpeg,Vasculitis,Vascular_Tumors,0.9985830783843994,False,"Vascular_Tumors,Vasculitis,Benign_tumors,Warts,DrugEruption"
data/SkinDisease/SkinDisease/test/Vasculitis/pyoderma-gangrenosum-24.jpeg,Vasculitis,Vasculitis,0.7155532240867615,True,"Vasculitis,Vascular_Tumors,DrugEruption,Warts,Bullous"
data/SkinDisease/SkinDisease/test/Vasculitis/schamberg-disease-21.jpeg,Vasculitis,Lichen,0.25157788395881653,False,"Lichen,Moles,Sun_Sunlight_Damage,Tinea,Eczema"
data/SkinDisease/SkinDisease/test/Vasculitis/schamberg-disease-24.jpeg,Vasculitis,Vasculitis,0.9080132842063904,True,"Vasculitis,Benign_tumors,Sun_Sunlight_Damage,Lichen,Actinic_Keratosis"
data/SkinDisease/SkinDisease/test/Vasculitis/schamberg-disease-26.jpeg,Vasculitis,Vasculitis,0.7417993545532227,True,"Vasculitis,Benign_tumors,Lichen,Infestations_Bites,DrugEruption"
data/SkinDisease/SkinDisease/test/Vasculitis/schamberg-disease-48.jpeg,Vasculitis,Vasculitis,0.999948263168335,True,"Vasculitis,Lichen,Infestations_Bites,Eczema,DrugEruption"
data/SkinDisease/SkinDisease/test/Vasculitis/schamberg-disease-52.jpeg,Vasculitis,Vasculitis,0.9066128730773926,True,"Vasculitis,Benign_tumors,Lichen,Seborrh_Keratoses,DrugEruption"
data/SkinDisease/SkinDisease/test/Vasculitis/schamberg-disease-57.jpeg,Vasculitis,DrugEruption,0.8139137029647827,False,"DrugEruption,Vasculitis,SkinCancer,Vascular_Tumors,Bullous"
data/SkinDisease/SkinDisease/test/Vasculitis/schamberg-disease-64.jpeg,Vasculitis,Vasculitis,0.9999948740005493,True,"Vasculitis,Eczema,Benign_tumors,DrugEruption,Lichen"
data/SkinDisease/SkinDisease/test/Vasculitis/schamberg-disease-67.jpeg,Vasculitis,Vasculitis,0.9684356451034546,True,"Vasculitis,Candidiasis,Vascular_Tumors,Lupus,Eczema"
data/SkinDisease/SkinDisease/test/Vasculitis/stevens-johnson-syndrome-8.jpeg,Vasculitis,Vasculitis,0.9010903835296631,True,"Vasculitis,Sun_Sunlight_Damage,Eczema,Unknown_Normal,DrugEruption"
data/SkinDisease/SkinDisease/test/Vasculitis/sweets-syndrome-8.jpeg,Vasculitis,Vasculitis,0.7367545962333679,True,"Vasculitis,Tinea,Bullous,SkinCancer,Eczema"
data/SkinDisease/SkinDisease/test/Vasculitis/vasculitis-118.jpeg,Vasculitis,Vasculitis,0.9679311513900757,True,"Vasculitis,Vascular_Tumors,Eczema,Acne,Sun_Sunlight_Damage"
data/SkinDisease/SkinDisease/test/Vasculitis/vasculitis-127.jpeg,Vasculitis,Vascular_Tumors,0.9689608216285706,False,"Vascular_Tumors,Vasculitis,SkinCancer,Acne,Eczema"
data/SkinDisease/SkinDisease/test/Vasculitis/vasculitis-132.jpeg,Vasculitis,Vasculitis,0.9999996423721313,True,"Vasculitis,Eczema,Infestations_Bites,Lichen,DrugEruption"
data/SkinDisease/SkinDisease/test/Vasculitis/vasculitis-138.jpeg,Vasculitis,Vasculitis,0.9997469782829285,True,"Vasculitis,Eczema,Benign_tumors,Infestations_Bites,Psoriasis"
data/SkinDisease/SkinDisease/test/Vasculitis/vasculitis-16.jpeg,Vasculitis,Vasculitis,0.9999740123748779,True,"Vasculitis,Psoriasis,Eczema,DrugEruption,Sun_Sunlight_Damage"
data/SkinDisease/SkinDisease/test/Vasculitis/vasculitis-21.jpeg,Vasculitis,Vasculitis,0.9999971389770508,True,"Vasculitis,Bullous,Eczema,DrugEruption,Infestations_Bites"
data/SkinDisease/SkinDisease/test/Vasculitis/vasculitis-24.jpeg,Vasculitis,Vasculitis,0.9781296253204346,True,"Vasculitis,Infestations_Bites,Benign_tumors,Vascular_Tumors,DrugEruption"
data/SkinDisease/SkinDisease/test/Vasculitis/vasculitis-26.jpeg,Vasculitis,Vasculitis,0.9938336610794067,True,"Vasculitis,Infestations_Bites,Vascular_Tumors,Bullous,SkinCancer"
data/SkinDisease/SkinDisease/test/Vasculitis/vasculitis-30.jpeg,Vasculitis,Vasculitis,0.9439665675163269,True,"Vasculitis,Benign_tumors,Bullous,DrugEruption,Infestations_Bites"
data/SkinDisease/SkinDisease/test/Vasculitis/vasculitis-51.jpeg,Vasculitis,Tinea,0.9616669416427612,False,"Tinea,Acne,Infestations_Bites,Warts,Psoriasis"
data/SkinDisease/SkinDisease/test/Vasculitis/vasculitis-63.jpeg,Vasculitis,Vasculitis,0.9998961687088013,True,"Vasculitis,Eczema,DrugEruption,Bullous,Sun_Sunlight_Damage"
data/SkinDisease/SkinDisease/test/Vasculitis/vasculitis-64.jpeg,Vasculitis,Vasculitis,0.9999814033508301,True,"Vasculitis,Eczema,DrugEruption,Sun_Sunlight_Damage,SkinCancer"
data/SkinDisease/SkinDisease/test/Vasculitis/vasculitis-82.jpeg,Vasculitis,Vasculitis,0.9999958276748657,True,"Vasculitis,Vascular_Tumors,Bullous,Psoriasis,SkinCancer"
data/SkinDisease/SkinDisease/test/Vasculitis/vasculitis-84.jpeg,Vasculitis,Vasculitis,0.999997615814209,True,"Vasculitis,Eczema,Infestations_Bites,Psoriasis,Vascular_Tumors"
data/SkinDisease/SkinDisease/test/Vasculitis/vasculitis-86.jpeg,Vasculitis,Vasculitis,0.9999992847442627,True,"Vasculitis,Eczema,Psoriasis,Vascular_Tumors,Bullous"
data/SkinDisease/SkinDisease/test/Vasculitis/vasculitis-88.jpeg,Vasculitis,Vasculitis,0.9291581511497498,True,"Vasculitis,Vascular_Tumors,Bullous,Infestations_Bites,Acne"
data/SkinDisease/SkinDisease/test/Vasculitis/vasculitis-92.jpeg,Vasculitis,Vasculitis,0.9999698400497437,True,"Vasculitis,Bullous,Infestations_Bites,Vascular_Tumors,SkinCancer"
data/SkinDisease/SkinDisease/test/Vasculitis/vasculitis-94.jpeg,Vasculitis,Vasculitis,0.9999982118606567,True,"Vasculitis,Bullous,Eczema,Infestations_Bites,SkinCancer"
data/SkinDisease/SkinDisease/test/Vasculitis/vasculitis-98.jpeg,Vasculitis,Vasculitis,0.9999997615814209,True,"Vasculitis,Vascular_Tumors,SkinCancer,Eczema,Infestations_Bites"
data/SkinDisease/SkinDisease/test/Vitiligo/2117475.jpeg,Vitiligo,Vitiligo,0.9991973042488098,True,"Vitiligo,Unknown_Normal,Actinic_Keratosis,Moles,Lichen"
data/SkinDisease/SkinDisease/test/Vitiligo/5dd4f7863d8eb-vitiligo-beauty-photography-elisabeth-van-aalderen-31-5dd39ffe8f328__700.jpeg,Vitiligo,Vitiligo,0.9810097813606262,True,"Vitiligo,Unknown_Normal,Moles,Lichen,Benign_tumors"
data/SkinDisease/SkinDisease/test/Vitiligo/_128840169_9b6982b89cadca3efd104ae138299e1b05c9c890-1.jpeg,Vitiligo,Vitiligo,0.9087154865264893,True,"Vitiligo,Unknown_Normal,Tinea,Psoriasis,Eczema"
data/SkinDisease/SkinDisease/test/Vitiligo/_128926050_microsoftteams-image-4.png,Vitiligo,Vitiligo,0.9932977557182312,True,"Vitiligo,Unknown_Normal,Sun_Sunlight_Damage,DrugEruption,Moles"
data/SkinDisease/SkinDisease/test/Vitiligo/a5e9641ec070062280c5d9b429532cdf.jpeg,Vitiligo,Vitiligo,0.9999995231628418,True,"Vitiligo,Unknown_Normal,Lupus,Lichen,Moles"
data/SkinDisease/SkinDisease/test/Vitiligo/beautiful-caucasian-senior-woman-with-skin-problems-vitiligo.jpeg,Vitiligo,Vitiligo,0.9967942833900452,True,"Vitiligo,Unknown_Normal,DrugEruption,Tinea,Lichen"
data/SkinDisease/SkinDisease/test/Vitiligo/beautiful-woman-with-vitiligo-skin-posing-in-studio-concept-about-body-positivity-and-self.jpeg,Vitiligo,Vitiligo,0.9999688863754272,True,"Vitiligo,Unknown_Normal,Lichen,Moles,DrugEruption"
data/SkinDisease/SkinDisease/test/Vitiligo/being-happy-with-your-flaws-and-imperfections.jpeg,Vitiligo,Vitiligo,0.9995537400245667,True,"Vitiligo,Unknown_Normal,DrugEruption,Tinea,Lichen"
data/SkinDisease/SkinDisease/test/Vitiligo/business-man-using-digital-tablet-in-an-office.jpeg,Vitiligo,Vitiligo,0.9999417066574097,True,"Vitiligo,Unknown_Normal,Lichen,Actinic_Keratosis,DrugEruption"
data/SkinDisease/SkinDisease/test/Vitiligo/ch1524.fig1_.jpeg,Vitiligo,Vitiligo,0.9997652173042297,True,"Vitiligo,Unknown_Normal,Bullous,DrugEruption,Moles"
data/SkinDisease/SkinDisease/test/Vitiligo/close-up-of-a-human-hand-with-symmetrical-spots-of-vitiligo-disease-on-the-skin.jpeg,Vitiligo,Vitiligo,0.9999866485595703,True,"Vitiligo,Unknown_Normal,Lichen,Bullous,Moles"
data/SkinDisease/SkinDisease/test/Vitiligo/comfortable-in-your-own-skin.jpeg,Vitiligo,Vitiligo,0.999985933303833,True,"Vitiligo,Unknown_Normal,Lichen,Tinea,DrugEruption"
data/SkinDisease/SkinDisease/test/Vitiligo/cute-young-woman-with-pigmentation-on-her-face-looking-candid-and-sweet.jpeg,Vitiligo,Vitiligo,0.999980092048645,True,"Vitiligo,Unknown_Normal,DrugEruption,Lichen,Bullous"
data/SkinDisease/SkinDisease/test/Vitiligo/facial-jade-roller-woman-massages-her-face-using-a-green-jade-roller-for-elastic-perfect-skin.jpeg,Vitiligo,Vitiligo,0.9980600476264954,True,"Vitiligo,Unknown_Normal,Lichen,Acne,Moles"
data/SkinDisease/SkinDisease/test/Vitiligo/granddaughter-hugging-her-grandfather-on-lunch-time-at-home.jpeg,Vitiligo,Vitiligo,0.9999943971633911,True,"Vitiligo,Unknown_Normal,Lichen,Actinic_Keratosis,Bullous"
data/SkinDisease/SkinDisease/test/Vitiligo/image29.jpeg,Vitiligo,Vitiligo,0.9998440742492676,True,"Vitiligo,Unknown_Normal,Lichen,DrugEruption,Actinic_Keratosis"
data/SkinDisease/SkinDisease/test/Vitiligo/images109.jpeg,Vitiligo,Vitiligo,0.9986332058906555,True,"Vitiligo,DrugEruption,Actinic_Keratosis,Unknown_Normal,Lichen"
data/SkinDisease/SkinDisease/test/Vitiligo/images121.jpeg,Vitiligo,Vitiligo,0.99543297290802,True,"Vitiligo,DrugEruption,Bullous,Lichen,Actinic_Keratosis"
data/SkinDisease/SkinDisease/test/Vitiligo/images134.jpeg,Vitiligo,Vitiligo,0.9622098207473755,True,"Vitiligo,Unknown_Normal,Actinic_Keratosis,Lichen,Tinea"
data/SkinDisease/SkinDisease/test/Vitiligo/images146.jpeg,Vitiligo,Vitiligo,0.9999918937683105,True,"Vitiligo,Actinic_Keratosis,DrugEruption,Unknown_Normal,Lichen"
data/SkinDisease/SkinDisease/test/Vitiligo/images154.jpeg,Vitiligo,Vitiligo,0.9999994039535522,True,"Vitiligo,Bullous,DrugEruption,Actinic_Keratosis,Lichen"
data/SkinDisease/SkinDisease/test/Vitiligo/images177.jpeg,Vitiligo,Vitiligo,0.9981154203414917,True,"Vitiligo,DrugEruption,Unknown_Normal,Actinic_Keratosis,Sun_Sunlight_Damage"
data/SkinDisease/SkinDisease/test/Vitiligo/images197.jpeg,Vitiligo,Vitiligo,0.9997629523277283,True,"Vitiligo,Bullous,DrugEruption,Unknown_Normal,Lichen"
data/SkinDisease/SkinDisease/test/Vitiligo/images199.jpeg,Vitiligo,Vitiligo,0.9995654225349426,True,"Vitiligo,DrugEruption,Lupus,Moles,Bullous"
data/SkinDisease/SkinDisease/test/Vitiligo/images200.jpeg,Vitiligo,Vitiligo,0.9704148769378662,True,"Vitiligo,DrugEruption,Bullous,Lichen,Infestations_Bites"
data/SkinDisease/SkinDisease/test/Vitiligo/images202.jpeg,Vitiligo,Vitiligo,0.9999140501022339,True,"Vitiligo,Lichen,Unknown_Normal,DrugEruption,Actinic_Keratosis"
data/SkinDisease/SkinDisease/test/Vitiligo/images207.jpeg,Vitiligo,Vitiligo,0.8826319575309753,True,"Vitiligo,DrugEruption,Unknown_Normal,Actinic_Keratosis,Vascular_Tumors"
data/SkinDisease/SkinDisease/test/Vitiligo/images21.jpeg,Vitiligo,Vitiligo,0.9999189376831055,True,"Vitiligo,Unknown_Normal,DrugEruption,Lichen,Bullous"
data/SkinDisease/SkinDisease/test/Vitiligo/images224.jpeg,Vitiligo,Vitiligo,0.9999867677688599,True,"Vitiligo,Unknown_Normal,DrugEruption,Lichen,Actinic_Keratosis"
data/SkinDisease/SkinDisease/test/Vitiligo/images251.jpeg,Vitiligo,Vitiligo,0.9949706196784973,True,"Vitiligo,Actinic_Keratosis,DrugEruption,Unknown_Normal,Lichen"
data/SkinDisease/SkinDisease/test/Vitiligo/images252.jpeg,Vitiligo,Vitiligo,0.997140645980835,True,"Vitiligo,Unknown_Normal,Actinic_Keratosis,DrugEruption,Lichen"
data/SkinDisease/SkinDisease/test/Vitiligo/images258.jpeg,Vitiligo,Vitiligo,0.9999995231628418,True,"Vitiligo,Unknown_Normal,Lichen,DrugEruption,Moles"
data/SkinDisease/SkinDisease/test/Vitiligo/images296.jpeg,Vitiligo,Vitiligo,0.9999586343765259,True,"Vitiligo,Unknown_Normal,DrugEruption,Actinic_Keratosis,Lichen"
data/SkinDisease/SkinDisease/test/Vitiligo/images359.jpeg,Vitiligo,Vitiligo,0.999850869178772,True,"Vitiligo,DrugEruption,Actinic_Keratosis,Lichen,Unknown_Normal"
data/SkinDisease/SkinDisease/test/Vitiligo/images36.jpeg,Vitiligo,Vitiligo,0.9999970197677612,True,"Vitiligo,Unknown_Normal,Bullous,Actinic_Keratosis,Lichen"
data/SkinDisease/SkinDisease/test/Vitiligo/images361.jpeg,Vitiligo,Vitiligo,0.999985933303833,True,"Vitiligo,Unknown_Normal,Lichen,Tinea,DrugEruption"
data/SkinDisease/SkinDisease/test/Vitiligo/images364.jpeg,Vitiligo,Unknown_Normal,0.9526714086532593,False,"Unknown_Normal,Eczema,Vitiligo,DrugEruption,Rosacea"
data/SkinDisease/SkinDisease/test/Vitiligo/images368.jpeg,Vitiligo,Vitiligo,0.9999332427978516,True,"Vitiligo,Unknown_Normal,Actinic_Keratosis,DrugEruption,Lichen"
data/SkinDisease/SkinDisease/test/Vitiligo/images402.jpeg,Vitiligo,Vitiligo,0.9999178647994995,True,"Vitiligo,Actinic_Keratosis,DrugEruption,Lichen,Bullous"
data/SkinDisease/SkinDisease/test/Vitiligo/images411.jpeg,Vitiligo,Vitiligo,0.9999488592147827,True,"Vitiligo,Unknown_Normal,Actinic_Keratosis,Sun_Sunlight_Damage,Lichen"
data/SkinDisease/SkinDisease/test/Vitiligo/images422.jpeg,Vitiligo,Vitiligo,0.9998453855514526,True,"Vitiligo,DrugEruption,Lichen,Unknown_Normal,Tinea"
data/SkinDisease/SkinDisease/test/Vitiligo/images449.jpeg,Vitiligo,Vitiligo,0.9975419044494629,True,"Vitiligo,Unknown_Normal,Actinic_Keratosis,DrugEruption,Lichen"
data/SkinDisease/SkinDisease/test/Vitiligo/images454.jpeg,Vitiligo,Vitiligo,0.9999428987503052,True,"Vitiligo,Unknown_Normal,DrugEruption,Lichen,Actinic_Keratosis"
data/SkinDisease/SkinDisease/test/Vitiligo/images492.jpeg,Vitiligo,Vitiligo,0.9998654127120972,True,"Vitiligo,Unknown_Normal,Lupus,DrugEruption,Benign_tumors"
data/SkinDisease/SkinDisease/test/Vitiligo/images497.jpeg,Vitiligo,Vitiligo,0.9999990463256836,True,"Vitiligo,Unknown_Normal,Lichen,DrugEruption,Tinea"
data/SkinDisease/SkinDisease/test/Vitiligo/images503.jpeg,Vitiligo,Vitiligo,0.9930217862129211,True,"Vitiligo,Unknown_Normal,Actinic_Keratosis,DrugEruption,Lichen"
data/SkinDisease/SkinDisease/test/Vitiligo/images557.jpeg,Vitiligo,Vitiligo,0.9999806880950928,True,"Vitiligo,Unknown_Normal,DrugEruption,Actinic_Keratosis,Sun_Sunlight_Damage"
data/SkinDisease/SkinDisease/test/Vitiligo/images56.jpeg,Vitiligo,Vitiligo,0.9999589920043945,True,"Vitiligo,Unknown_Normal,Lichen,DrugEruption,Actinic_Keratosis"
data/SkinDisease/SkinDisease/test/Vitiligo/images570.jpeg,Vitiligo,Vitiligo,0.9999804496765137,True,"Vitiligo,Unknown_Normal,DrugEruption,Lichen,Actinic_Keratosis"
data/SkinDisease/SkinDisease/test/Vitiligo/images577.jpeg,Vitiligo,Vitiligo,0.9999799728393555,True,"Vitiligo,Lichen,Actinic_Keratosis,Unknown_Normal,Lupus"
data/SkinDisease/SkinDisease/test/Vitiligo/images606.jpeg,Vitiligo,Vitiligo,0.9999771118164062,True,"Vitiligo,Unknown_Normal,Lichen,Lupus,Tinea"
data/SkinDisease/SkinDisease/test/Vitiligo/images607.jpeg,Vitiligo,Vitiligo,0.9998899698257446,True,"Vitiligo,Unknown_Normal,DrugEruption,Actinic_Keratosis,Bullous"
data/SkinDisease/SkinDisease/test/Vitiligo/images613.jpeg,Vitiligo,Vitiligo,0.9999674558639526,True,"Vitiligo,Unknown_Normal,Actinic_Keratosis,Moles,Lichen"
data/SkinDisease/SkinDisease/test/Vitiligo/images616.jpeg,Vitiligo,Vitiligo,0.999964714050293,True,"Vitiligo,DrugEruption,Unknown_Normal,Actinic_Keratosis,Sun_Sunlight_Damage"
data/SkinDisease/SkinDisease/test/Vitiligo/images81.jpeg,Vitiligo,Vitiligo,0.9999967813491821,True,"Vitiligo,Lupus,Actinic_Keratosis,DrugEruption,Unknown_Normal"
data/SkinDisease/SkinDisease/test/Vitiligo/images93.jpeg,Vitiligo,Vitiligo,0.9999997615814209,True,"Vitiligo,Lichen,Unknown_Normal,DrugEruption,Actinic_Keratosis"
data/SkinDisease/SkinDisease/test/Vitiligo/images95.jpeg,Vitiligo,Vitiligo,0.9999145269393921,True,"Vitiligo,DrugEruption,Unknown_Normal,Moles,Tinea"
data/SkinDisease/SkinDisease/test/Vitiligo/portrait-of-a-beautiful-woman.jpeg,Vitiligo,Vitiligo,0.9924076199531555,True,"Vitiligo,Unknown_Normal,DrugEruption,Actinic_Keratosis,Moles"
data/SkinDisease/SkinDisease/test/Vitiligo/portrait-of-a-salesman-organizing-products-at-a-decoration-store.jpeg,Vitiligo,Vitiligo,0.9999526739120483,True,"Vitiligo,Unknown_Normal,DrugEruption,Tinea,Lichen"
data/SkinDisease/SkinDisease/test/Vitiligo/portrait-of-a-young-teenager.jpeg,Vitiligo,Vitiligo,0.9999690055847168,True,"Vitiligo,Unknown_Normal,Actinic_Keratosis,DrugEruption,Lupus"
data/SkinDisease/SkinDisease/test/Vitiligo/portrait-of-young-man-with-vitiligo.jpeg,Vitiligo,Vitiligo,0.9999829530715942,True,"Vitiligo,Unknown_Normal,Lichen,Lupus,Tinea"
data/SkinDisease/SkinDisease/test/Vitiligo/portrait-woman-with-vitiligo.jpeg,Vitiligo,Vitiligo,0.9979567527770996,True,"Vitiligo,DrugEruption,Unknown_Normal,Lupus,Bullous"
data/SkinDisease/SkinDisease/test/Vitiligo/shot-of-a-young-business-busy-with-a-video-call-at-work.jpeg,Vitiligo,Vitiligo,0.9996343851089478,True,"Vitiligo,Unknown_Normal,Actinic_Keratosis,DrugEruption,Lupus"
data/SkinDisease/SkinDisease/test/Vitiligo/the-initial-stage-of-vitiligo-skin-disease.jpeg,Vitiligo,Unknown_Normal,0.9982815980911255,False,"Unknown_Normal,Vitiligo,Vasculitis,DrugEruption,Sun_Sunlight_Damage"
data/SkinDisease/SkinDisease/test/Vitiligo/vitiligo-0006__ProtectWyJQcm90ZWN0Il0_FocusFillWzI5NCwyMjIsIngiLDFd.jpeg,Vitiligo,Vitiligo,0.999096155166626,True,"Vitiligo,Bullous,DrugEruption,Lupus,Vasculitis"
data/SkinDisease/SkinDisease/test/Vitiligo/vitiligo-0038__ProtectWyJQcm90ZWN0Il0_FocusFillWzI5NCwyMjIsIngiLDFd.jpeg,Vitiligo,Vitiligo,0.9994901418685913,True,"Vitiligo,Lichen,Unknown_Normal,Lupus,Tinea"
data/SkinDisease/SkinDisease/test/Vitiligo/vitiligo-20.jpeg,Vitiligo,Vitiligo,0.9997254014015198,True,"Vitiligo,Lichen,Seborrh_Keratoses,Benign_tumors,Actinic_Keratosis"
data/SkinDisease/SkinDisease/test/Vitiligo/vitiligo-24.jpeg,Vitiligo,Vitiligo,0.9937339425086975,True,"Vitiligo,Sun_Sunlight_Damage,Lichen,Vasculitis,DrugEruption"
data/SkinDisease/SkinDisease/test/Vitiligo/vitiligo-30.jpeg,Vitiligo,Vitiligo,0.9998682737350464,True,"Vitiligo,Sun_Sunlight_Damage,Lupus,Warts,Lichen"
data/SkinDisease/SkinDisease/test/Vitiligo/vitiligo-32__ProtectWyJQcm90ZWN0Il0_FocusFillWzI5NCwyMjIsIngiLDFd.jpeg,Vitiligo,Vitiligo,0.9999791383743286,True,"Vitiligo,Unknown_Normal,Lichen,Tinea,DrugEruption"
data/SkinDisease/SkinDisease/test/Vitiligo/vitiligo-33.jpeg,Vitiligo,Lichen,0.8757523894309998,False,"Lichen,Vitiligo,Warts,Psoriasis,Moles"
data/SkinDisease/SkinDisease/test/Vitiligo/vitiligo-34__ProtectWyJQcm90ZWN0Il0_FocusFillWzI5NCwyMjIsIngiLDFd.jpeg,Vitiligo,Vitiligo,0.9808374047279358,True,"Vitiligo,Lichen,Benign_tumors,Lupus,Seborrh_Keratoses"
data/SkinDisease/SkinDisease/test/Vitiligo/vitiligo-45.jpeg,Vitiligo,Lichen,0.6231520175933838,False,"Lichen,Vitiligo,Eczema,Warts,Lupus"
data/SkinDisease/SkinDisease/test/Vitiligo/vitiligo-47__ProtectWyJQcm90ZWN0Il0_FocusFillWzI5NCwyMjIsIngiLDFd.jpeg,Vitiligo,Vitiligo,0.5152179002761841,True,"Vitiligo,Lichen,Lupus,Benign_tumors,Actinic_Keratosis"
data/SkinDisease/SkinDisease/test/Vitiligo/vitiligo-55__ProtectWyJQcm90ZWN0Il0_FocusFillWzI5NCwyMjIsIngiLDFd.jpeg,Vitiligo,Vitiligo,0.24298454821109772,True,"Vitiligo,Sun_Sunlight_Damage,Lichen,Lupus,Vasculitis"
data/SkinDisease/SkinDisease/test/Vitiligo/vitiligo-56__ProtectWyJQcm90ZWN0Il0_FocusFillWzI5NCwyMjIsIngiLDFd.jpeg,Vitiligo,Vitiligo,0.999957799911499,True,"Vitiligo,Lichen,Lupus,Unknown_Normal,Tinea"
data/SkinDisease/SkinDisease/test/Vitiligo/vitiligo-57__ProtectWyJQcm90ZWN0Il0_FocusFillWzI5NCwyMjIsIngiLDFd.jpeg,Vitiligo,Vitiligo,0.6181207299232483,True,"Vitiligo,Lupus,Psoriasis,Lichen,Actinic_Keratosis"
data/SkinDisease/SkinDisease/test/Vitiligo/vitiligo-6.jpeg,Vitiligo,DrugEruption,0.5018279552459717,False,"DrugEruption,Vasculitis,Bullous,Sun_Sunlight_Damage,Vitiligo"
data/SkinDisease/SkinDisease/test/Vitiligo/vitiligo-affected-young-woman-disappointed-with-head-down.jpeg,Vitiligo,Vitiligo,0.999853253364563,True,"Vitiligo,DrugEruption,Unknown_Normal,Lichen,Lupus"
data/SkinDisease/SkinDisease/test/Vitiligo/vitiligo-girl.jpeg,Vitiligo,Vitiligo,0.9996002316474915,True,"Vitiligo,Unknown_Normal,DrugEruption,Lichen,Actinic_Keratosis"
data/SkinDisease/SkinDisease/test/Vitiligo/woman-blowing-confetti-on-orange-studio-background.jpeg,Vitiligo,Vitiligo,0.9965401887893677,True,"Vitiligo,Acne,Lupus,Infestations_Bites,Unknown_Normal"
data/SkinDisease/SkinDisease/test/Vitiligo/young-woman-distributes-hand-cream-on-her-hands-the-concept-of-skin-hydration-hand-care-and.jpeg,Vitiligo,Unknown_Normal,0.9926632642745972,False,"Unknown_Normal,Vitiligo,DrugEruption,Vasculitis,Sun_Sunlight_Damage"
data/SkinDisease/SkinDisease/test/Warts/genital-warts-106.jpeg,Warts,Warts,0.9993312358856201,True,"Warts,Benign_tumors,Moles,Eczema,Infestations_Bites"
data/SkinDisease/SkinDisease/test/Warts/genital-warts-129.jpeg,Warts,Warts,0.9879113435745239,True,"Warts,Benign_tumors,Moles,Lichen,Seborrh_Keratoses"
data/SkinDisease/SkinDisease/test/Warts/genital-warts-22.jpeg,Warts,Warts,0.9933445453643799,True,"Warts,Benign_tumors,Candidiasis,Bullous,SkinCancer"
data/SkinDisease/SkinDisease/test/Warts/genital-warts-28.jpeg,Warts,Warts,0.9536201357841492,True,"Warts,Benign_tumors,Seborrh_Keratoses,Actinic_Keratosis,Lichen"
data/SkinDisease/SkinDisease/test/Warts/genital-warts-30.jpeg,Warts,Warts,0.9999895095825195,True,"Warts,Benign_tumors,Tinea,Eczema,Bullous"
data/SkinDisease/SkinDisease/test/Warts/genital-warts-31.jpeg,Warts,Warts,0.9978070855140686,True,"Warts,Tinea,Benign_tumors,Eczema,Infestations_Bites"
data/SkinDisease/SkinDisease/test/Warts/genital-warts-38.jpeg,Warts,Warts,0.9997225403785706,True,"Warts,Benign_tumors,Psoriasis,Bullous,Lichen"
data/SkinDisease/SkinDisease/test/Warts/genital-warts-41.jpeg,Warts,Warts,0.9899722337722778,True,"Warts,Benign_tumors,Sun_Sunlight_Damage,Eczema,Psoriasis"
data/SkinDisease/SkinDisease/test/Warts/genital-warts-65.jpeg,Warts,Vascular_Tumors,0.4905240535736084,False,"Vascular_Tumors,Candidiasis,Tinea,Warts,Psoriasis"
data/SkinDisease/SkinDisease/test/Warts/genital-warts-66.jpeg,Warts,Warts,0.9374920725822449,True,"Warts,Lichen,Benign_tumors,Vascular_Tumors,Candidiasis"
data/SkinDisease/SkinDisease/test/Warts/genital-warts-68.jpeg,Warts,Warts,0.9999195337295532,True,"Warts,Eczema,Psoriasis,Benign_tumors,Candidiasis"
data/SkinDisease/SkinDisease/test/Warts/genital-warts-8.jpeg,Warts,Warts,0.8479932546615601,True,"Warts,Seborrh_Keratoses,Benign_tumors,Moles,SkinCancer"
data/SkinDisease/SkinDisease/test/Warts/genital-warts-83.jpeg,Warts,Warts,0.9992961883544922,True,"Warts,Psoriasis,Candidiasis,Seborrh_Keratoses,Lichen"
data/SkinDisease/SkinDisease/test/Warts/genital-warts-93.jpeg,Warts,Warts,0.9995611310005188,True,"Warts,Psoriasis,Lichen,Benign_tumors,Seborrh_Keratoses"
data/SkinDisease/SkinDisease/test/Warts/warts-10.jpeg,Warts,Acne,0.9895135164260864,False,"Acne,Benign_tumors,Warts,Vascular_Tumors,Moles"
data/SkinDisease/SkinDisease/test/Warts/warts-26.jpeg,Warts,Warts,0.3422988951206207,True,"Warts,Acne,Eczema,Tinea,Sun_Sunlight_Damage"
data/SkinDisease/SkinDisease/test/Warts/warts-37.jpeg,Warts,Warts,0.9999988079071045,True,"Warts,Benign_tumors,Seborrh_Keratoses,Infestations_Bites,Bullous"
data/SkinDisease/SkinDisease/test/Warts/warts-39.jpeg,Warts,Warts,0.9997534155845642,True,"Warts,Benign_tumors,Eczema,Bullous,Seborrh_Keratoses"
data/SkinDisease/SkinDisease/test/Warts/warts-9.jpeg,Warts,Vasculitis,0.5661559104919434,False,"Vasculitis,Bullous,SkinCancer,Vascular_Tumors,Infestations_Bites"
data/SkinDisease/SkinDisease/test/Warts/warts-common-10.jpeg,Warts,Warts,0.8848034143447876,True,"Warts,Benign_tumors,Seborrh_Keratoses,Actinic_Keratosis,Sun_Sunlight_Damage"
data/SkinDisease/SkinDisease/test/Warts/warts-common-104.jpeg,Warts,Warts,0.9999988079071045,True,"Warts,Benign_tumors,Eczema,Moles,Vascular_Tumors"
data/SkinDisease/SkinDisease/test/Warts/warts-common-11.jpeg,Warts,Warts,0.9746729135513306,True,"Warts,Eczema,Tinea,Benign_tumors,Psoriasis"
data/SkinDisease/SkinDisease/test/Warts/warts-common-113.jpeg,Warts,Warts,1.0,True,"Warts,Seborrh_Keratoses,Benign_tumors,Psoriasis,Infestations_Bites"
data/SkinDisease/SkinDisease/test/Warts/warts-common-30.jpeg,Warts,Warts,0.9988842606544495,True,"Warts,Seborrh_Keratoses,Moles,Benign_tumors,Bullous"
data/SkinDisease/SkinDisease/test/Warts/warts-common-4.jpeg,Warts,Benign_tumors,0.7434017062187195,False,"Benign_tumors,Moles,Warts,Seborrh_Keratoses,Tinea"
data/SkinDisease/SkinDisease/test/Warts/warts-common-79.jpeg,Warts,Warts,0.9999998807907104,True,"Warts,Benign_tumors,Seborrh_Keratoses,Psoriasis,Moles"
data/SkinDisease/SkinDisease/test/Warts/warts-common-83.jpeg,Warts,Warts,0.9999996423721313,True,"Warts,Seborrh_Keratoses,Benign_tumors,Infestations_Bites,Psoriasis"
data/SkinDisease/SkinDisease/test/Warts/warts-cryotherapy-11.jpeg,Warts,Warts,0.9679738879203796,True,"Warts,Seborrh_Keratoses,Benign_tumors,Moles,SkinCancer"
data/SkinDisease/SkinDisease/test/Warts/warts-cryotherapy-15.jpeg,Warts,Warts,0.9990279674530029,True,"Warts,Benign_tumors,Eczema,Seborrh_Keratoses,Vascular_Tumors"
data/SkinDisease/SkinDisease/test/Warts/warts-cryotherapy-29.jpeg,Warts,Bullous,0.6250094175338745,False,"Bullous,Infestations_Bites,Vasculitis,Moles,Benign_tumors"
data/SkinDisease/SkinDisease/test/Warts/warts-digitate-13.jpeg,Warts,Warts,0.9998602867126465,True,"Warts,Benign_tumors,Moles,Seborrh_Keratoses,Bullous"
data/SkinDisease/SkinDisease/test/Warts/warts-digitate-14.jpeg,Warts,Warts,0.571087658405304,True,"Warts,Psoriasis,Eczema,Bullous,DrugEruption"
data/SkinDisease/SkinDisease/test/Warts/warts-digitate-17.jpeg,Warts,Moles,0.7455725073814392,False,"Moles,Benign_tumors,Warts,Bullous,Infestations_Bites"
data/SkinDisease/SkinDisease/test/Warts/warts-digitate-23.jpeg,Warts,Benign_tumors,0.7290355563163757,False,"Benign_tumors,Moles,SkinCancer,Warts,Seborrh_Keratoses"
data/SkinDisease/SkinDisease/test/Warts/warts-digitate-26.jpeg,Warts,Warts,0.9992165565490723,True,"Warts,Benign_tumors,Vascular_Tumors,Moles,Tinea"
data/SkinDisease/SkinDisease/test/Warts/warts-digitate-27.jpeg,Warts,Warts,0.9981696605682373,True,"Warts,Benign_tumors,Seborrh_Keratoses,Actinic_Keratosis,Lichen"
data/SkinDisease/SkinDisease/test/Warts/warts-digitate-33.jpeg,Warts,Benign_tumors,0.9682437181472778,False,"Benign_tumors,Warts,Seborrh_Keratoses,Actinic_Keratosis,Acne"
data/SkinDisease/SkinDisease/test/Warts/warts-digitate-34.jpeg,Warts,Warts,0.9861998558044434,True,"Warts,Actinic_Keratosis,Benign_tumors,Seborrh_Keratoses,Lichen"
data/SkinDisease/SkinDisease/test/Warts/warts-digitate-62.jpeg,Warts,Warts,0.9888443350791931,True,"Warts,Seborrh_Keratoses,Benign_tumors,Moles,Sun_Sunlight_Damage"
data/SkinDisease/SkinDisease/test/Warts/warts-flat-19.jpeg,Warts,Vascular_Tumors,0.42672276496887207,False,"Vascular_Tumors,Eczema,Actinic_Keratosis,Sun_Sunlight_Damage,Tinea"
data/SkinDisease/SkinDisease/test/Warts/warts-flat-21.jpeg,Warts,Warts,0.8285818099975586,True,"Warts,Psoriasis,Actinic_Keratosis,Benign_tumors,Lichen"
data/SkinDisease/SkinDisease/test/Warts/warts-flat-29.jpeg,Warts,Warts,0.981349766254425,True,"Warts,Benign_tumors,Lichen,Bullous,Vasculitis"
data/SkinDisease/SkinDisease/test/Warts/warts-flat-34.jpeg,Warts,Warts,0.9789135456085205,True,"Warts,Benign_tumors,Lichen,Eczema,Tinea"
data/SkinDisease/SkinDisease/test/Warts/warts-flat-43.jpeg,Warts,Warts,0.9699296355247498,True,"Warts,Acne,Benign_tumors,Eczema,Vascular_Tumors"
data/SkinDisease/SkinDisease/test/Warts/warts-flat-52.jpeg,Warts,Acne,0.7535585761070251,False,"Acne,Lupus,Benign_tumors,Infestations_Bites,Vascular_Tumors"
data/SkinDisease/SkinDisease/test/Warts/warts-flat-67.jpeg,Warts,Warts,0.9384418725967407,True,"Warts,Infestations_Bites,Eczema,Psoriasis,Tinea"
data/SkinDisease/SkinDisease/test/Warts/warts-flat-69.jpeg,Warts,Warts,0.9877646565437317,True,"Warts,Infestations_Bites,Lichen,Vasculitis,Tinea"
data/SkinDisease/SkinDisease/test/Warts/warts-immunocompromised-10.jpeg,Warts,Warts,0.9708348512649536,True,"Warts,Seborrh_Keratoses,Benign_tumors,Eczema,Actinic_Keratosis"
data/SkinDisease/SkinDisease/test/Warts/warts-immunocompromised-4.jpeg,Warts,Warts,0.9999630451202393,True,"Warts,Benign_tumors,Seborrh_Keratoses,Bullous,Psoriasis"
data/SkinDisease/SkinDisease/test/Warts/warts-oral-5.jpeg,Warts,Warts,0.9998005032539368,True,"Warts,Benign_tumors,Bullous,Infestations_Bites,Actinic_Keratosis"
data/SkinDisease/SkinDisease/test/Warts/warts-periungual-16.jpeg,Warts,Warts,0.9999687671661377,True,"Warts,Eczema,Benign_tumors,Psoriasis,Moles"
data/SkinDisease/SkinDisease/test/Warts/warts-plantar-102.jpeg,Warts,Warts,0.9956817626953125,True,"Warts,Benign_tumors,Seborrh_Keratoses,Vasculitis,Psoriasis"
data/SkinDisease/SkinDisease/test/Warts/warts-plantar-107.jpeg,Warts,Warts,0.9999986886978149,True,"Warts,Infestations_Bites,Benign_tumors,Eczema,Tinea"
data/SkinDisease/SkinDisease/test/Warts/warts-plantar-112.jpeg,Warts,Warts,0.9996734857559204,True,"Warts,Seborrh_Keratoses,Benign_tumors,Psoriasis,Eczema"
data/SkinDisease/SkinDisease/test/Warts/warts-plantar-18.jpeg,Warts,Warts,0.9999371767044067,True,"Warts,Tinea,Lichen,Psoriasis,Seborrh_Keratoses"
data/SkinDisease/SkinDisease/test/Warts/warts-plantar-23.jpeg,Warts,Warts,0.9999994039535522,True,"Warts,Benign_tumors,Infestations_Bites,Tinea,Seborrh_Keratoses"
data/SkinDisease/SkinDisease/test/Warts/warts-plantar-42.jpeg,Warts,Warts,0.999194324016571,True,"Warts,Vascular_Tumors,Psoriasis,Eczema,Benign_tumors"
data/SkinDisease/SkinDisease/test/Warts/warts-plantar-47.jpeg,Warts,Warts,0.9327755570411682,True,"Warts,Psoriasis,Eczema,Infestations_Bites,Lichen"
data/SkinDisease/SkinDisease/test/Warts/warts-plantar-52.jpeg,Warts,Bullous,0.5338948965072632,False,"Bullous,Benign_tumors,Unknown_Normal,Vitiligo,Vascular_Tumors"
data/SkinDisease/SkinDisease/test/Warts/warts-plantar-64.jpeg,Warts,Vascular_Tumors,0.9555240869522095,False,"Vascular_Tumors,Warts,Eczema,Infestations_Bites,Vasculitis"
data/SkinDisease/SkinDisease/test/Warts/warts-plantar-65.jpeg,Warts,Warts,0.9996987581253052,True,"Warts,Tinea,Infestations_Bites,Eczema,Benign_tumors"
data/SkinDisease/SkinDisease/test/Warts/warts-plantar-72.jpeg,Warts,Warts,0.9999998807907104,True,"Warts,Eczema,Infestations_Bites,Psoriasis,Bullous"
data/SkinDisease/SkinDisease/test/Warts/warts-plantar-9.jpeg,Warts,Warts,0.9999994039535522,True,"Warts,Benign_tumors,Seborrh_Keratoses,Vascular_Tumors,Tinea"
data/SkinDisease/SkinDisease/test/Warts/warts-plantar-93.jpeg,Warts,Warts,0.9999977350234985,True,"Warts,Eczema,Tinea,Psoriasis,Vascular_Tumors"
